Fish,Sex,Date,Origin,GnRH,Age,Spawner,Maturity,Plasmaprotein ,Totallength,Growthrate,Meangrowthrate,Totalweight,Condition,Gonadosomatic index,B.Li,B.K,B.Mg,B.Ca,B.Sr,B.Ba,B.Mn,B.Cu,B.Zn,B.Li.Ca,B.K.Ca,B.Mg.Ca,B.Sr.Ca,B.Ba.Ca,B.Mn.Ca,B.Cu.Ca,B.Zn.Ca,Sal,Temp,SW.Li,SW.K,SW.Mg,SW.Ca,SW.Sr,SW.Ba,SW.Mn,SW.Cu,SW.Zn,SW.Li.Ca,SW.K.Ca,SW.Mg.Ca,SW.Sr.Ca,SW.Ba.Ca,SW.Mn.Ca,SW.Cu.Ca,SW.Zn.Ca,Opacity,Otolithgrowthrate,Meanotolithgrowthrate,O.Li,O.K,O.Mg,O.Sr,O.Ba,O.Mn,O.Cu,O.Zn,O.Li.Ca,O.K.Ca,O.Mg.Ca,O.Sr.Ca,O.Ba.Ca,O.Mn.Ca,O.Cu.Ca,O.Zn.Ca
0154A,F,27/10/2009,EC,Non-treated,4,NS,M,2.767,33.5,0,0,350,0.93,0.73,75.29,84643.35,27467.9,176791.24,1029.35,46.84,15.69,1050.86,13956.94,2.46,490.78,256.2,2.66,0.0773,64.74,3.75,48.39,32.33,12.79,0.165,366.11,1218.02,376.31,6.89,0.018,0.569,0.0057,0.0044,2.53,997.55,5338.69,8.38,0.0138,1.09,0.0095,0.0072,0,1.82,0.51,0.21,583.06,8.23,2581.58,2.61,318.86,79.75,212.98,0.0031,1.49,0.034,2.95,1.9,0.58,0.13,0.33
0154A,F,23/11/2009,EC,Non-treated,4,NS,M,2.767,33.5,0,0,342,0.91,1.07,73.1,68764.52,25665.66,111901.35,668.98,5.37,36.87,482.43,9604.55,3.77,629.91,378.21,2.73,0.014,240.37,2.72,52.61,32.96,10.96,0.163,361.13,1204.64,371.3,6.8,0.018,0.531,0.0056,0.0037,2.53,997.42,5352.66,8.38,0.0139,1.03,0.0096,0.0061,0,0.41,0.51,0.21,613.25,5.4,2528.66,2.76,308.23,148.33,66.17,0.003,1.57,0.022,2.89,2.01,0.56,0.23,0.1
0154A,F,16/12/2009,EC,Non-treated,4,NS,M,2.941,33.5,0,0,376,1,3.14,76.41,51373.13,29050.4,122186.73,809.47,4.41,36.92,465.71,10194.87,3.61,430.99,392.05,3.03,0.0105,220.42,2.4,51.14,32.58,7.87,0.155,344.22,1151.09,356.36,6.5,0.017,0.413,0.0051,0.0031,2.5,990.23,5326.86,8.34,0.0137,0.86,0.009,0.0053,0,0.41,0.51,0.22,636.63,4.99,2758.46,3.18,388.12,123.94,61.74,0.0031,1.63,0.021,3.15,2.31,0.71,0.2,0.09
0154A,F,18/01/2010,EC,Non-treated,4,NS,M,3.009,33.5,0,0,336,0.89,3.79,64.44,69850.99,17610.95,95496.65,721.71,22.3,13.08,297.76,9152.75,3.9,749.78,304.09,3.46,0.0681,99.9,1.97,58.74,31.33,4.67,0.139,313.18,1047.29,325.19,5.89,0.014,0.462,0.0041,0.0024,2.47,987.13,5309.2,8.29,0.0129,1.06,0.0079,0.0044,0,0.62,0.51,0.26,707.04,4.89,3184.76,3.92,516.93,169.59,124.55,0.0037,1.81,0.02,3.64,2.85,0.94,0.27,0.19
0154A,F,01/02/2010,EC,Non-treated,4,NS,M,3.742,33.5,0,0,327,0.85,4.65,65.91,66211.33,28951.78,118698.78,912.71,39.9,28.14,315.28,9331.6,3.21,571.79,402.2,3.52,0.0981,172.98,1.68,48.18,30.86,4.53,0.137,308.28,1029.99,320.54,5.8,0.014,0.555,0.0039,0.0022,2.47,985.92,5298.45,8.27,0.0126,1.27,0.0076,0.004,0,0.62,0.51,0.25,690.88,4.83,3349.67,4.25,546.04,282.73,152.83,0.0036,1.77,0.02,3.82,3.1,0.99,0.45,0.23
0154A,F,15/02/2010,EC,Non-treated,4,NS,M,2.766,33.5,0,0,342,0.91,5.85,71.48,32540.57,20160.84,116571.88,802.62,3.03,36.78,237.15,8127.15,3.54,286.14,285.18,3.15,0.0076,230.16,1.28,42.73,30.62,4.39,0.137,308.85,1030.87,321.39,5.81,0.014,0.639,0.0038,0.0021,2.46,985.23,5290.02,8.27,0.0125,1.49,0.0076,0.0039,0,0.62,0.51,0.23,673.51,5.19,3494.24,4.56,579.89,389.08,190.38,0.0034,1.72,0.021,3.99,3.32,1.06,0.61,0.29
0154A,F,15/03/2010,EC,Non-treated,4,NS,M,3.055,33.5,0,0,332,0.88,7.21,70.96,89399.11,20476.18,122133.53,914.18,8.93,23.05,257.57,9219.22,3.35,750.33,276.45,3.42,0.0213,137.65,1.33,46.27,30.44,5.68,0.139,312.17,1040.64,322.62,5.86,0.014,0.817,0.0041,0.0026,2.48,992,5320.72,8.31,0.0125,1.91,0.0079,0.0051,0,0.21,0.51,0.21,650.47,6.32,3640.63,4.91,711.2,401.07,305.35,0.0031,1.66,0.026,4.16,3.57,1.3,0.63,0.47
0154A,F,19/04/2010,EC,Non-treated,4,NS,M,3.19,33.5,0,0,338,0.9,13.32,67.96,31353.71,22856.33,120790.9,973.84,8.09,33.44,266.42,10136.33,3.25,266.08,312.02,3.69,0.0195,201.97,1.39,51.43,30.25,9.03,0.142,317.6,1056.12,327.11,5.96,0.014,1.015,0.0049,0.0037,2.51,995.56,5327.48,8.34,0.0128,2.31,0.0086,0.0069,0,0.31,0.51,0.21,631,6.46,3619.84,4.95,925.69,191.06,482.59,0.003,1.61,0.027,4.13,3.61,1.69,0.3,0.74
0154A,F,28/05/2010,EC,Non-treated,4,NS,M,2.7335,33.5,0,0,293,0.78,2.88,68.19,33566.05,25120.26,118307.21,1117.1,6.19,17.45,399.27,10915.14,3.33,290.47,349.2,4.31,0.0153,107.74,2.13,56.36,30.9,12.34,0.153,333.34,1104.09,346.22,6.27,0.016,1.204,0.0058,0.0054,2.55,987.36,5261.55,8.3,0.0136,2.59,0.0094,0.0097,0,0.31,0.51,0.2,597.18,6.53,NA,NA,NA,NA,NA,0.0029,1.53,0.027,NA,NA,NA,NA,NA
93D10,F,27/10/2009,EC,Non-treated,5,NS,IM,4.222,32,0,0.154929577,336,1.03,1.94,78.77,22819.84,30339.39,146721.06,1086.47,12.16,39.7,1348.74,13729.73,3.1,159.43,340.98,3.39,0.0242,197.4,5.8,57.35,32.33,12.79,0.165,366.11,1218.02,376.31,6.89,0.018,0.569,0.0057,0.0044,2.53,997.55,5338.69,8.38,0.0138,1.09,0.0095,0.0072,1,3.18,1.34,0.28,536.01,15.77,2887.38,5.13,970.3,253.4,494.23,0.0041,1.37,0.065,3.3,3.74,1.77,0.4,0.76
93D10,F,23/11/2009,EC,Non-treated,5,NS,IM,3.089,32,0,0.154929577,336,1.03,2.35,67.07,35120.93,35025,123426.29,758.92,8.09,46.59,807.79,10435.92,3.14,291.68,467.93,2.81,0.0191,275.36,4.13,51.82,32.96,10.96,0.163,361.13,1204.64,371.3,6.8,0.018,0.531,0.0056,0.0037,2.53,997.42,5352.66,8.38,0.0139,1.03,0.0096,0.0061,1,0.71,1.34,0.3,621.78,15.46,2912.95,5.53,1262.16,318,504.29,0.0043,1.59,0.064,3.33,4.03,2.3,0.5,0.77
93D10,F,16/12/2009,EC,Non-treated,5,NS,IM,3.957,32.3,0.130434783,0.154929577,345,1.02,1.95,68.72,23799.03,32717.43,153431.13,873.72,3.8,39.31,539.61,10730.79,2.59,159,351.62,2.6,0.0072,186.89,2.22,42.87,32.58,7.87,0.155,344.22,1151.09,356.36,6.5,0.017,0.413,0.0051,0.0031,2.5,990.23,5326.86,8.34,0.0137,0.86,0.009,0.0053,1,0.71,1.34,0.29,611.55,19.57,2885.79,5.32,1395.93,267.94,398.53,0.0042,1.56,0.081,3.29,3.88,2.54,0.42,0.61
93D10,F,18/01/2010,EC,Non-treated,5,NS,IM,4.861,32.7,0.121212121,0.154929577,342,0.98,2.42,55.08,26665.14,28015.89,242997.75,1429.66,10.03,37.92,566.92,12223.08,1.31,112.48,190.11,2.69,0.012,113.83,1.47,30.83,31.33,4.67,0.139,313.18,1047.29,325.19,5.89,0.014,0.462,0.0041,0.0024,2.47,987.13,5309.2,8.29,0.0129,1.06,0.0079,0.0044,1,0.85,1.34,0.29,573.99,31.37,2744.87,5.03,1565.96,216.07,280.21,0.0042,1.47,0.129,3.13,3.67,2.85,0.34,0.43
93D10,F,01/02/2010,EC,Non-treated,5,NS,IM,5.0775,33.1,0.285714286,0.154929577,356,0.98,2.85,52.95,25107.71,23784.31,250397.78,1482.21,10.77,40.67,577.3,13860.04,1.22,102.78,156.63,2.71,0.0126,118.5,1.45,33.93,30.86,4.53,0.137,308.28,1029.99,320.54,5.8,0.014,0.555,0.0039,0.0022,2.47,985.92,5298.45,8.27,0.0126,1.27,0.0076,0.004,1,0.84,1.34,0.29,581.9,31.12,2659.79,4.83,1729.43,177.86,264.63,0.0041,1.49,0.128,3.04,3.51,3.15,0.28,0.4
93D10,F,15/03/2010,EC,Non-treated,5,NS,IM,4.82,33.7,0.142857143,0.154929577,382,1,1.62,48.64,13025.97,29359.25,184387.55,1099.68,13.53,47.69,748.53,18451.98,1.52,72.42,262.56,2.73,0.0214,188.69,2.56,61.33,30.44,5.68,0.139,312.17,1040.64,322.62,5.86,0.014,0.817,0.0041,0.0026,2.48,992,5320.72,8.31,0.0125,1.91,0.0079,0.0051,1,0.84,1.34,0.29,625.31,21.23,2555.51,4.31,2357.58,177.91,203.81,0.0041,1.6,0.087,2.92,3.14,4.29,0.28,0.31
93D10,F,19/04/2010,EC,Non-treated,5,NS,IM,4.227,34.5,0.228571429,0.154929577,420,1.02,1.28,55.7,11921.04,30356.66,137713.51,787.47,15.22,59.62,608.14,15925.23,2.34,88.73,363.49,2.62,0.0322,315.83,2.79,70.88,30.25,9.03,0.142,317.6,1056.12,327.11,5.96,0.014,1.015,0.0049,0.0037,2.51,995.56,5327.48,8.34,0.0128,2.31,0.0086,0.0069,0,5.52,1.34,0.26,592.9,22.69,2582.71,4.26,2665.08,327.4,531.75,0.0038,1.52,0.093,2.95,3.1,4.85,0.52,0.81
93D10,F,28/05/2010,EC,Non-treated,5,NS,IM,3.521,35.3,0.205128205,0.154929577,443,1.01,1.34,68.73,19549.09,29186.96,141869.41,783.78,8.11,18.5,630.6,15646.46,2.8,141.25,339.24,2.53,0.0167,95.15,2.8,67.6,30.9,12.34,0.153,333.34,1104.09,346.22,6.27,0.016,1.204,0.0058,0.0054,2.55,987.36,5261.55,8.3,0.0136,2.59,0.0094,0.0097,0,0.61,1.34,0.32,506.35,20.47,NA,NA,NA,NA,NA,0.0045,1.3,0.084,NA,NA,NA,NA,NA
D5835,F,02/06/2009,IS,Treated,6,S,M,3.831,31.2,0,0.033240997,251,0.83,6,68.08,77556.47,28818.48,121310.95,1040.14,4.97,9.21,600.71,13314.2,3.24,655.62,391.88,3.92,0.012,55.46,3.12,67.29,32.4,14.47,0.156,341.49,1138.55,349.65,6.42,0.014,0.687,0.0062,0.004,2.58,1000.82,5366.68,8.4,0.012,1.41,0.0109,0.007,0,0.37,0.37,0.14,319.15,5.84,2857.11,1.74,36.84,126.49,56.14,0.002,0.82,0.024,3.26,1.27,0.07,0.2,0.09
D5835,F,08/07/2009,IS,Treated,6,S,M,3.542,31.5,0.083333333,0.033240997,263,0.84,5.79,77.2,87556.63,27123.34,123051.97,1074.97,10.11,24.07,556.23,13786.84,3.62,729.38,363.47,4,0.024,142.67,2.85,68.67,32.15,13.33,0.161,352.65,1170.67,365.91,6.64,0.017,0.66,0.0069,0.0052,2.55,987.88,5275.71,8.3,0.0135,1.32,0.012,0.0087,0,0.37,0.37,0.16,351.45,6.56,2477.75,1.43,37.36,88.02,70.24,0.0023,0.9,0.027,2.83,1.04,0.07,0.14,0.11
D5835,F,06/08/2009,IS,Treated,6,S,M,3.458,31.5,0,0.033240997,267,0.85,4.76,57.64,169050.37,26443.85,118051.39,1024.16,3.04,18.14,610.99,11735.06,2.82,1467.9,369.37,3.97,0.0075,112.08,3.26,60.93,32.37,13.67,0.164,360.78,1195.75,375.17,6.78,0.018,0.6,0.007,0.0057,2.53,985.68,5255.3,8.27,0.0143,1.18,0.0118,0.0093,0,0.37,0.37,0.17,369.6,6.95,2248.43,1.24,41.75,67.67,80.61,0.0024,0.95,0.029,2.57,0.9,0.08,0.11,0.12
D5835,F,30/09/2009,IS,Treated,6,S,M,3.639,31.7,0.036363636,0.033240997,295,0.93,6.81,69.66,72391.34,21924.2,122180.49,996.07,4.45,9.66,802.23,11736.49,3.29,607.35,295.89,3.73,0.0106,57.68,4.14,58.87,32.58,12.22,0.166,367.69,1220.97,378.95,6.9,0.018,0.56,0.006,0.0055,2.53,994.79,5313.86,8.33,0.0141,1.09,0.01,0.0088,0,0.37,0.37,0.17,368.34,6.69,1953.36,0.97,66.23,55.94,99.4,0.0025,0.94,0.028,2.23,0.71,0.12,0.09,0.15
D5835,F,26/10/2009,IS,Treated,6,S,M,3.298,31.7,0,0.033240997,294,0.92,5.27,63.83,35007.68,23765.52,118292.39,1043.73,29.93,11.41,726.15,10555.47,3.12,303.45,331.36,4.04,0.0739,70.41,3.87,54.69,32.33,12.79,0.165,366.11,1218.02,376.31,6.89,0.018,0.569,0.0057,0.0044,2.53,997.55,5338.69,8.38,0.0138,1.09,0.0095,0.0072,0,0.37,0.37,0.17,356.47,6.23,1890.39,0.9,83.42,62.44,107.45,0.0025,0.91,0.026,2.16,0.66,0.15,0.1,0.16
D5835,F,23/11/2009,IS,Treated,6,S,M,3.123,32,0.107142857,0.033240997,319,0.97,5.44,74.14,36934.88,26762.65,151497.43,1113.86,7.99,12.44,826.82,10639.77,2.83,249.91,291.3,3.36,0.0154,59.93,3.44,43.04,32.96,10.96,0.163,361.13,1204.64,371.3,6.8,0.018,0.531,0.0056,0.0037,2.53,997.42,5352.66,8.38,0.0139,1.03,0.0096,0.0061,0,0.37,0.37,0.18,375.91,6.83,1995.15,0.94,89.96,76.09,111.63,0.0025,0.96,0.028,2.28,0.68,0.16,0.12,0.17
D5835,F,16/12/2009,IS,Treated,6,S,M,4.702,32.2,0.086956522,0.033240997,360,1.08,10.24,79.63,46840.64,29803.58,187778.87,1475.62,10.1,14,1055.62,12942.76,2.45,255.7,261.72,3.59,0.0157,54.4,3.55,42.24,32.58,7.87,0.155,344.22,1151.09,356.36,6.5,0.017,0.413,0.0051,0.0031,2.5,990.23,5326.86,8.34,0.0137,0.86,0.009,0.0053,0,0.37,0.37,0.18,400.94,7.25,2416.74,1.15,79.69,87.64,99.42,0.0026,1.03,0.03,2.76,0.84,0.15,0.14,0.15
D5835,F,18/01/2010,IS,Treated,6,S,M,4.046,32.2,0,0.033240997,347,1.04,11.6,63.16,39718.49,18398.84,148965.98,1254.06,4.63,35.21,696.4,8528.19,2.45,273.31,203.66,3.85,0.0091,172.44,2.95,35.09,31.33,4.67,0.139,313.18,1047.29,325.19,5.89,0.014,0.462,0.0041,0.0024,2.47,987.13,5309.2,8.29,0.0129,1.06,0.0079,0.0044,0,0.37,0.37,0.2,449.24,7.15,3158.54,1.53,50.08,104.79,74.94,0.0029,1.15,0.029,3.61,1.12,0.09,0.17,0.11
D5835,F,01/02/2010,IS,Treated,6,S,M,4.043,32.2,0,0.033240997,337,1.01,11.86,70.48,94016.63,17739.58,150030.45,1364.11,20.64,29.25,731.72,9905.51,2.71,642.36,194.97,4.16,0.0402,142.22,3.08,40.47,30.86,4.53,0.137,308.28,1029.99,320.54,5.8,0.014,0.555,0.0039,0.0022,2.47,985.92,5298.45,8.27,0.0126,1.27,0.0076,0.004,0,0.37,0.37,0.21,458.47,7.1,3538,1.78,36.1,128.54,71.72,0.003,1.17,0.029,4.04,1.3,0.07,0.2,0.11
D5835,F,15/02/2010,IS,Treated,6,S,M,3.832,32.4,0.142857143,0.033240997,362,1.06,12.26,67.08,51275.09,21987.4,159508.7,1393.75,9.62,27.28,653.14,8728.78,2.43,329.51,227.3,4,0.0176,124.75,2.58,33.54,30.62,4.39,0.137,308.85,1030.87,321.39,5.81,0.014,0.639,0.0038,0.0021,2.46,985.23,5290.02,8.27,0.0125,1.49,0.0076,0.0039,0,0.37,0.37,0.21,457.8,7.07,3566.64,1.87,23.28,154.53,86.71,0.0031,1.17,0.029,4.07,1.36,0.04,0.24,0.13
D5835,F,15/03/2010,IS,Treated,6,S,M,3.61,32.4,0,0.033240997,364,1.07,14.38,59.29,59157.12,24933.65,144484.44,1172.95,13.66,26.88,608.59,9531.63,2.37,419.7,284.56,3.71,0.0276,135.74,2.66,40.43,30.44,5.68,0.139,312.17,1040.64,322.62,5.86,0.014,0.817,0.0041,0.0026,2.48,992,5320.72,8.31,0.0125,1.91,0.0079,0.0051,0,0.37,0.37,0.22,451.89,7.05,3273.76,1.86,15.62,198.33,129.94,0.0032,1.16,0.029,3.74,1.36,0.03,0.31,0.2
D5835,F,19/04/2010,IS,Treated,6,S,M,3.659,32.4,0,0.033240997,371,1.09,25.69,61.51,18512.96,21817.33,134487.3,943.63,3.46,32.79,602.18,11915.29,2.65,141.54,268.33,3.22,0.0075,178.29,2.83,54.45,30.25,9.03,0.142,317.6,1056.12,327.11,5.96,0.014,1.015,0.0049,0.0037,2.51,995.56,5327.48,8.34,0.0128,2.31,0.0086,0.0069,0,0.37,0.37,0.24,456.79,7.18,3027.87,1.68,58.04,176.68,135.56,0.0035,1.17,0.03,3.46,1.23,0.11,0.28,0.21
D5835,F,28/05/2010,IS,Treated,6,S,M,3.783,32.4,0,0.033240997,335,0.98,7.74,56.71,23245.69,26553.93,127536.02,1063.13,7.56,19.14,652.94,10581.78,2.57,187.18,344.54,3.82,0.0174,109.65,3.24,50.83,30.9,12.34,0.153,333.34,1104.09,346.22,6.27,0.016,1.204,0.0058,0.0054,2.55,987.36,5261.55,8.3,0.0136,2.59,0.0094,0.0097,0,0.37,0.37,0.25,458.75,7.27,2966.58,1.55,93.97,141.19,121.22,0.0036,1.17,0.03,3.39,1.13,0.17,0.22,0.19
DAB84,F,02/06/2009,IS,Treated,5,S,M,1.827,28.9,0,0.132963989,197,0.82,0.95,66.58,65611.84,32330.1,113829.26,1337.2,8.5,10.23,312.18,12488.47,3.38,590.85,468.34,5.37,0.0218,65.58,1.73,67.24,32.4,14.47,0.156,341.49,1138.55,349.65,6.42,0.014,0.687,0.0062,0.004,2.58,1000.82,5366.68,8.4,0.012,1.41,0.0109,0.007,1,0.32,0.44,0.21,539.02,7.4,3675.1,3.57,692.06,191.86,221.53,0.003,1.38,0.03,4.2,2.6,1.26,0.3,0.34
DAB84,F,21/07/2009,IS,Treated,5,S,M,3.414,29.3,0.081632653,0.132963989,213,0.85,0.77,68.18,55378.96,23063.69,111744.57,931.66,8.27,20.49,458.88,15478.84,3.52,508.01,340.34,3.81,0.0216,133.75,2.59,84.9,32.16,13.19,0.163,356.4,1182.06,370.53,6.71,0.018,0.635,0.007,0.0055,2.54,985.91,5260.36,8.28,0.0139,1.26,0.0121,0.009,0,0.32,0.44,0.21,590.6,8.84,3240.82,3.29,700.82,183.49,268.28,0.003,1.51,0.036,3.7,2.39,1.28,0.29,0.41
DAB84,F,19/08/2009,IS,Treated,5,S,M,3.326,29.6,0.103448276,0.132963989,254,0.98,0.86,60.47,17146.19,24908.3,124158.05,847.28,31.04,23.91,541.86,16828.06,2.81,141.56,330.81,3.12,0.073,140.5,2.75,83.07,32.67,13.92,0.165,364.28,1207.02,378.17,6.84,0.019,0.566,0.0069,0.0058,2.52,987.46,5263.22,8.27,0.0145,1.11,0.0114,0.0095,0,0.32,0.44,0.21,591.62,8.85,2839.9,3.03,720.3,173.76,306.2,0.003,1.51,0.036,3.24,2.21,1.31,0.27,0.47
DAB84,F,30/09/2009,IS,Treated,5,S,M,4.305,30.5,0.214285714,0.132963989,304,1.07,1.2,72.32,86147.02,35810.82,157190.46,1066.58,5.36,20.69,614.12,17186.94,2.66,561.78,375.66,3.1,0.0099,96.01,2.46,67.01,32.58,12.22,0.166,367.69,1220.97,378.95,6.9,0.018,0.56,0.006,0.0055,2.53,994.79,5313.86,8.33,0.0141,1.09,0.01,0.0088,0,0.32,0.44,0.23,601.56,9.25,2549.28,2.84,765.21,161.27,319.54,0.0034,1.54,0.038,2.91,2.07,1.39,0.25,0.49
DAB84,F,26/10/2009,IS,Treated,5,S,M,4.19,30.9,0.153846154,0.132963989,301,1.02,1.41,69.12,30008.26,26966.22,150921.53,989.09,7.39,30,654.38,15072.27,2.64,203.82,294.63,3,0.0143,145.01,2.73,61.21,32.33,12.79,0.165,366.11,1218.02,376.31,6.89,0.018,0.569,0.0057,0.0044,2.53,997.55,5338.69,8.38,0.0138,1.09,0.0095,0.0072,0,0.95,0.44,0.24,600.09,8.47,2556.03,2.84,801.5,154.49,300.56,0.0035,1.53,0.035,2.92,2.07,1.46,0.24,0.46
DAB84,F,23/11/2009,IS,Treated,5,S,M,4.132,32,0.392857143,0.132963989,366,1.12,2.39,68.56,18837.76,28122.99,166095.55,976.91,11.67,45.1,675.54,11949.85,2.38,116.26,279.2,2.69,0.0205,198.11,2.57,44.1,32.96,10.96,0.163,361.13,1204.64,371.3,6.8,0.018,0.531,0.0056,0.0037,2.53,997.42,5352.66,8.38,0.0139,1.03,0.0096,0.0061,0,0.18,0.44,0.26,596.96,7.53,2788.68,2.98,841.55,147.93,245.26,0.0038,1.53,0.031,3.18,2.17,1.53,0.23,0.38
DAB84,F,16/12/2009,IS,Treated,5,S,M,4.859,32.8,0.347826087,0.132963989,438,1.24,5.75,71.21,11646.02,25300.99,169137.83,991.59,3.47,39.65,664.97,11062.11,2.43,70.58,246.66,2.68,0.006,171.02,2.48,40.09,32.58,7.87,0.155,344.22,1151.09,356.36,6.5,0.017,0.413,0.0051,0.0031,2.5,990.23,5326.86,8.34,0.0137,0.86,0.009,0.0053,0,0.18,0.44,0.29,607.83,7.77,3015.52,3.13,888.51,143.25,197.26,0.0042,1.55,0.032,3.44,2.28,1.62,0.23,0.3
DAB84,F,18/01/2010,IS,Treated,5,S,M,4.018,33.2,0.121212121,0.132963989,447,1.22,10.6,68.44,48819.98,28205.19,172975.2,1213.71,3.36,34.14,567.84,7949.72,2.28,289.31,268.88,3.21,0.0057,143.98,2.07,28.17,31.33,4.67,0.139,313.18,1047.29,325.19,5.89,0.014,0.462,0.0041,0.0024,2.47,987.13,5309.2,8.29,0.0129,1.06,0.0079,0.0044,0,0.27,0.44,0.28,629.58,8.24,3160.56,3.25,1000.68,137.85,165.97,0.004,1.61,0.034,3.61,2.37,1.82,0.22,0.25
DAB84,F,01/02/2010,IS,Treated,5,S,M,4.528,33.2,0,0.132963989,443,1.21,11.11,63.56,33076.15,29654.97,194594.07,1420.07,7.84,31.92,606.58,9054.97,1.89,174.24,251.29,3.34,0.0118,119.67,1.97,28.52,30.86,4.53,0.137,308.28,1029.99,320.54,5.8,0.014,0.555,0.0039,0.0022,2.47,985.92,5298.45,8.27,0.0126,1.27,0.0076,0.004,0,0.27,0.44,0.26,637.97,8.51,3178.69,3.29,1062.21,136.01,162.41,0.0038,1.63,0.035,3.63,2.39,1.93,0.21,0.25
DAB84,F,15/02/2010,IS,Treated,5,S,M,4.943,33.4,0.142857143,0.132963989,447,1.2,16.91,63.96,42468.95,23308.39,172968.95,1501.22,14.17,33.3,587.28,9015.24,2.14,251.68,222.22,3.97,0.0239,140.47,2.14,31.95,30.62,4.39,0.137,308.85,1030.87,321.39,5.81,0.014,0.639,0.0038,0.0021,2.46,985.23,5290.02,8.27,0.0125,1.49,0.0076,0.0039,0,0.27,0.44,0.25,645.15,8.89,3177.49,3.32,1131.44,134.44,163.49,0.0036,1.65,0.037,3.63,2.41,2.06,0.21,0.25
DAB84,F,15/03/2010,IS,Treated,5,S,M,4.301,33.4,0,0.132963989,442,1.19,20.8,59.84,13550.45,19295.36,133804.79,1240.67,18.29,42,575.57,9486.78,2.58,103.81,237.79,4.24,0.0399,228.98,2.71,43.46,30.44,5.68,0.139,312.17,1040.64,322.62,5.86,0.014,0.817,0.0041,0.0026,2.48,992,5320.72,8.31,0.0125,1.91,0.0079,0.0051,0,0.27,0.44,0.24,660.02,9.88,3117.06,3.35,1292.97,132.08,179.58,0.0035,1.69,0.041,3.56,2.44,2.36,0.21,0.27
DAB84,F,19/04/2010,IS,Treated,5,S,M,4.375,33.7,0.085714286,0.132963989,440,1.15,16.66,60.93,13043.6,23799.4,147423.89,1215.26,12.55,33.38,602.05,13207.55,2.39,90.71,266.26,3.77,0.0248,165.24,2.58,54.93,30.25,9.03,0.142,317.6,1056.12,327.11,5.96,0.014,1.015,0.0049,0.0037,2.51,995.56,5327.48,8.34,0.0128,2.31,0.0086,0.0069,0,0.27,0.44,0.28,732.2,10.64,2932.72,3.35,1538.13,130.61,225.8,0.0041,1.87,0.044,3.35,2.44,2.8,0.21,0.35
DAB84,F,28/05/2010,IS,Treated,5,S,M,3.857,33.7,0,0.132963989,406,1.06,2.22,66.56,12368.55,32232.51,138636.2,959.36,6.57,29.16,581.96,15611.15,2.77,91.45,383.38,3.17,0.0138,153.46,2.65,69.02,30.9,12.34,0.153,333.34,1104.09,346.22,6.27,0.016,1.204,0.0058,0.0054,2.55,987.36,5261.55,8.3,0.0136,2.59,0.0094,0.0097,0,3.05,0.44,0.31,729.19,11.5,2678.49,3.32,1786.53,130.65,288.52,0.0045,1.86,0.047,3.06,2.42,3.25,0.21,0.44
DB206,F,02/06/2009,IS,Treated,5,S,M,3.411,27,0,0.047091413,183,0.93,2.55,70.32,40751.7,36507.11,144954.2,1204.93,5.57,27.6,748.41,7783.18,2.8,288.18,415.3,3.8,0.0112,138.92,3.26,32.91,32.4,14.47,0.156,341.49,1138.55,349.65,6.42,0.014,0.687,0.0062,0.004,2.58,1000.82,5366.68,8.4,0.012,1.41,0.0109,0.007,0,0.11,0.63,0.22,705.2,8.96,3862.3,4.53,396.62,186.19,127.45,0.0032,1.8,0.037,4.41,3.3,0.72,0.29,0.19
DB206,F,08/07/2009,IS,Treated,5,S,M,4.169333333,27,0,0.047091413,189,0.96,2.76,67.94,33202.8,23106.5,116258.74,1160.46,6.86,59.14,557.16,7376.92,3.37,292.75,327.73,4.57,0.0172,371.12,3.02,38.89,32.15,13.33,0.161,352.65,1170.67,365.91,6.64,0.017,0.66,0.0069,0.0052,2.55,987.88,5275.71,8.3,0.0135,1.32,0.012,0.0087,0,0.11,0.63,0.21,598.36,6.9,3560.49,3.85,466.54,140.99,158.72,0.003,1.53,0.028,4.06,2.8,0.85,0.22,0.24
DB206,F,06/08/2009,IS,Treated,5,S,M,3.932,27.3,0.103448276,0.047091413,188,0.92,1.98,50.22,41126.1,22218.28,113620.68,1088.61,5.7,37.55,716.25,7560.62,2.55,371.03,322.45,4.38,0.0146,241.11,3.98,40.78,32.37,13.67,0.164,360.78,1195.75,375.17,6.78,0.018,0.6,0.007,0.0057,2.53,985.68,5255.3,8.27,0.0143,1.18,0.0118,0.0093,0,0.11,0.63,0.2,576.33,6.87,3389.05,3.63,469.44,128.98,188.83,0.0029,1.47,0.028,3.87,2.64,0.86,0.2,0.29
DB206,F,30/09/2009,IS,Treated,5,S,M,4.164,27.3,0,0.047091413,240,1.18,2.65,65.76,45393.08,53543.67,157966.75,1314.34,6.3,20.78,991.85,8324.65,2.4,294.56,558.92,3.81,0.0116,95.95,3.96,32.3,32.58,12.22,0.166,367.69,1220.97,378.95,6.9,0.018,0.56,0.006,0.0055,2.53,994.79,5313.86,8.33,0.0141,1.09,0.01,0.0088,0,0.28,0.63,0.23,735.71,12.26,3452.98,4.75,289.83,207.41,310.93,0.0033,1.88,0.05,3.94,3.46,0.53,0.33,0.48
DB206,F,26/10/2009,IS,Treated,5,S,M,4.396,27.8,0.192307692,0.047091413,234,1.09,3.35,63.97,25346.85,29480.62,134819.46,1105.34,12.92,42.97,914.72,6782.17,2.74,192.72,360.57,3.75,0.028,232.54,4.28,30.83,32.33,12.79,0.165,366.11,1218.02,376.31,6.89,0.018,0.569,0.0057,0.0044,2.53,997.55,5338.69,8.38,0.0138,1.09,0.0095,0.0072,0,0.47,0.63,0.23,741.34,12.42,3207.87,4.63,206.21,214.75,310.06,0.0033,1.9,0.051,3.66,3.37,0.38,0.34,0.47
DB206,F,23/11/2009,IS,Treated,5,S,M,5.244333333,28.3,0.178571429,0.047091413,266,1.17,4.43,68.5,22616.73,NA,189133.34,1457.72,10.42,43.72,1018.03,6537.07,2.09,122.58,NA,3.53,0.0161,168.63,3.39,21.18,32.96,10.96,0.163,361.13,1204.64,371.3,6.8,0.018,0.531,0.0056,0.0037,2.53,997.42,5352.66,8.38,0.0139,1.03,0.0096,0.0061,0,0.95,0.63,0.21,642.98,8.38,2589.93,3.01,224.8,139.85,153.75,0.0031,1.64,0.034,2.96,2.19,0.41,0.22,0.24
DB206,F,16/12/2009,IS,Treated,5,S,M,5.074,28.7,0.173913043,0.047091413,291,1.23,12.08,66.45,103619.8,26074.68,180320.55,1248.53,6.19,24.3,976,6555.54,2.13,589.05,238.44,3.17,0.01,98.3,3.41,22.28,32.58,7.87,0.155,344.22,1151.09,356.36,6.5,0.017,0.413,0.0051,0.0031,2.5,990.23,5326.86,8.34,0.0137,0.86,0.009,0.0053,0,0.48,0.63,0.22,611.91,7.69,2919.51,3.43,268.27,145.55,123.63,0.0032,1.56,0.032,3.33,2.5,0.49,0.23,0.19
DB206,F,18/01/2010,IS,Treated,5,S,M,4.094,28.7,0,0.047091413,296,1.25,13.13,62.42,21824.76,30616.09,162340.63,1144.32,11.14,29.52,732.39,4232.94,2.22,137.81,310.98,3.22,0.02,132.65,2.85,15.98,31.33,4.67,0.139,313.18,1047.29,325.19,5.89,0.014,0.462,0.0041,0.0024,2.47,987.13,5309.2,8.29,0.0129,1.06,0.0079,0.0044,0,0.9,0.63,0.28,690.96,9.59,3979.04,4.71,120.63,462.75,120.46,0.004,1.77,0.039,4.54,3.43,0.22,0.73,0.18
DB206,F,01/02/2010,IS,Treated,5,S,M,4.662,28.7,0,0.047091413,279,1.18,21.51,64.37,26694.35,22557.21,164341.62,1199.94,22.19,41.95,721.3,5499.86,2.26,166.5,226.33,3.34,0.0394,186.21,2.77,20.51,30.86,4.53,0.137,308.28,1029.99,320.54,5.8,0.014,0.555,0.0039,0.0022,2.47,985.92,5298.45,8.27,0.0126,1.27,0.0076,0.004,0,0.45,0.63,0.31,771.61,10.7,4149.58,5.05,113.11,500.75,110.94,0.0045,1.97,0.044,4.74,3.68,0.21,0.79,0.17
DB206,F,15/02/2010,IS,Treated,5,S,M,3.857,28.7,0,0.047091413,284,1.2,23.02,73.01,43056.28,21404.69,165178.71,1250.63,20.38,41.98,683.29,5434.06,2.55,267.2,213.68,3.46,0.036,185.4,2.61,20.16,30.62,4.39,0.137,308.85,1030.87,321.39,5.81,0.014,0.639,0.0038,0.0021,2.46,985.23,5290.02,8.27,0.0125,1.49,0.0076,0.0039,0.5,0.45,0.63,0.33,826.29,11.99,3995.19,5.17,188.41,421.58,124.65,0.0048,2.11,0.049,4.56,3.76,0.34,0.66,0.19
DB206,F,15/03/2010,IS,Treated,5,S,M,4.005,28.7,0,0.047091413,300,1.27,30.43,61.96,13411.9,20833.73,162061.22,1163.72,11.92,34.22,626.62,7045.51,2.21,84.83,211.98,3.28,0.0215,154.04,2.44,26.65,30.44,5.68,0.139,312.17,1040.64,322.62,5.86,0.014,0.817,0.0041,0.0026,2.48,992,5320.72,8.31,0.0125,1.91,0.0079,0.0051,1,0.22,0.63,0.33,829.8,13.2,3745.02,5.23,342.04,290.93,117.04,0.0048,2.12,0.054,4.28,3.81,0.62,0.46,0.18
DB206,F,19/04/2010,IS,Treated,5,S,M,3.599333333,28.7,0,0.047091413,224,0.95,7.13,59.82,99895.91,25722.3,131068.06,1016.15,13.02,30.39,473.3,5552.35,2.64,781.27,323.61,3.55,0.029,169.14,2.28,25.96,30.25,9.03,0.142,317.6,1056.12,327.11,5.96,0.014,1.015,0.0049,0.0037,2.51,995.56,5327.48,8.34,0.0128,2.31,0.0086,0.0069,1,0.22,0.63,0.32,742.7,9.59,3495.35,4.91,562.78,154.11,103.93,0.0046,1.9,0.039,3.99,3.58,1.03,0.24,0.16
DB206,F,28/05/2010,IS,Treated,5,S,M,4.153,28.7,0,0.047091413,229,0.97,3.68,69.55,13092.12,38867.69,152364.27,1258.89,9.11,21.01,653.13,8526.91,2.64,88.08,420.65,3.78,0.0174,100.6,2.7,34.3,30.9,12.34,0.153,333.34,1104.09,346.22,6.27,0.016,1.204,0.0058,0.0054,2.55,987.36,5261.55,8.3,0.0136,2.59,0.0094,0.0097,0,1.47,0.63,0.27,660.19,10.48,3204.1,4.18,511.53,170.33,468.8,0.0039,1.69,0.043,3.66,3.04,0.93,0.27,0.72
DC062,F,02/06/2009,IS,Treated,5,S,M,3.885,27.4,0,0.157894737,181,0.88,1.5,72.65,32111.58,51283.01,143614.77,1010.5,6.93,13.81,687.98,12850.5,2.92,229.19,588.82,3.22,0.0141,70.13,3.02,54.84,32.4,14.47,0.156,341.49,1138.55,349.65,6.42,0.014,0.687,0.0062,0.004,2.58,1000.82,5366.68,8.4,0.012,1.41,0.0109,0.007,1,4.27,1.83,0.17,434.42,14.47,2595.02,2.84,1869.62,126.98,189.69,0.0024,1.11,0.06,2.96,2.07,3.41,0.2,0.29
DC062,F,21/07/2009,IS,Treated,5,S,M,2.521,28.1,0.142857143,0.157894737,234,1.05,1.14,64.25,93184.65,21125.32,101027.99,663.77,5.97,35.88,400.67,7952.28,3.67,945.77,344.84,3.01,0.0173,259.06,2.5,48.25,32.16,13.19,0.163,356.4,1182.06,370.53,6.71,0.018,0.635,0.007,0.0055,2.54,985.91,5260.36,8.28,0.0139,1.26,0.0121,0.009,1,1.39,1.83,0.21,512.85,18.97,2331.47,2.4,1793.5,102.16,324.92,0.003,1.31,0.078,2.66,1.74,3.27,0.16,0.5
DC062,F,19/08/2009,IS,Treated,5,S,M,3.732,28.4,0.103448276,0.157894737,227,0.99,1.17,49.3,21182.45,24424.67,110401.51,695.07,22.07,38.37,612.48,16968.55,2.57,196.75,364.56,2.88,0.0583,253.89,3.5,94.13,32.67,13.92,0.165,364.28,1207.02,378.17,6.84,0.019,0.566,0.0069,0.0058,2.52,987.46,5263.22,8.27,0.0145,1.11,0.0114,0.0095,1,2.09,1.83,0.19,511.95,15.31,2257.86,2.28,1536.42,94.02,319.88,0.0027,1.31,0.063,2.58,1.66,2.8,0.15,0.49
DC062,F,30/09/2009,IS,Treated,5,S,M,4.527,29.7,0.30952381,0.157894737,286,1.09,1.9,73.16,19409.89,40405.26,195916.09,1171.17,10.48,34.22,831.03,19678.48,2.16,101.56,340.08,2.73,0.0156,127.42,2.68,61.56,32.58,12.22,0.166,367.69,1220.97,378.95,6.9,0.018,0.56,0.006,0.0055,2.53,994.79,5313.86,8.33,0.0141,1.09,0.01,0.0088,0,3.05,1.83,0.22,535.53,18.06,2310.73,2.53,1504.99,111.91,217.87,0.0031,1.37,0.074,2.64,1.84,2.74,0.18,0.33
DC062,F,23/11/2009,IS,Treated,5,S,M,4.851,31,0.240740741,0.157894737,348,1.17,4.19,64.8,34368.04,30946.15,189506.82,1151.01,13.57,59.98,815.19,10537.19,1.97,185.92,269.34,2.78,0.021,230.89,2.71,34.08,32.96,10.96,0.163,361.13,1204.64,371.3,6.8,0.018,0.531,0.0056,0.0037,2.53,997.42,5352.66,8.38,0.0139,1.03,0.0096,0.0061,1,5.52,1.83,0.34,675.42,16.75,2404.61,2.72,966.55,140.72,177.05,0.0049,1.73,0.069,2.74,1.98,1.76,0.22,0.27
DC062,F,16/12/2009,IS,Treated,5,S,M,5.201,31.8,0.347826087,0.157894737,417,1.3,10.57,67.88,18917.82,24320.98,203354.98,1055.98,6.85,23.91,765.74,8811.67,1.93,95.36,197.21,2.38,0.0098,85.78,2.37,26.56,32.58,7.87,0.155,344.22,1151.09,356.36,6.5,0.017,0.413,0.0051,0.0031,2.5,990.23,5326.86,8.34,0.0137,0.86,0.009,0.0053,1,3.68,1.83,0.37,703.47,17.35,2681.45,2.91,897.79,141.65,80.15,0.0053,1.8,0.071,3.06,2.12,1.64,0.22,0.12
DC062,F,18/01/2010,IS,Treated,5,S,M,4.217,31.8,0,0.157894737,405,1.26,16.86,69.93,73022.68,28391.47,197948.88,1358.18,9.7,44.76,762.78,6929.87,2.04,378.16,236.62,3.14,0.0143,165.02,2.43,21.47,31.33,4.67,0.139,313.18,1047.29,325.19,5.89,0.014,0.462,0.0041,0.0024,2.47,987.13,5309.2,8.29,0.0129,1.06,0.0079,0.0044,0,0.54,1.83,0.34,678.84,15.1,3031.95,3.38,703.84,170.07,97.55,0.0049,1.74,0.062,3.46,2.46,1.28,0.27,0.15
DC062,F,01/02/2010,IS,Treated,5,S,M,5.252,31.8,0,0.157894737,421,1.31,24.27,67.77,48471.31,28498.87,208929.57,1453.4,7.19,54.2,758.51,7123.55,1.87,237.81,224.93,3.18,0.01,189.23,2.29,20.9,30.86,4.53,0.137,308.28,1029.99,320.54,5.8,0.014,0.555,0.0039,0.0022,2.47,985.92,5298.45,8.27,0.0126,1.27,0.0076,0.004,0,0.54,1.83,0.32,669.2,14.43,3073.45,3.5,693.57,177.46,102.74,0.0046,1.71,0.059,3.51,2.55,1.26,0.28,0.16
DC062,F,15/02/2010,IS,Treated,5,S,M,3.487,32.1,0.214285714,0.157894737,385,1.16,19.05,69.95,81259.52,19514.09,154601.18,1102.97,6.48,43.71,538.23,6763.92,2.61,538.78,208.14,3.26,0.0122,206.28,2.2,26.82,30.62,4.39,0.137,308.85,1030.87,321.39,5.81,0.014,0.639,0.0038,0.0021,2.46,985.23,5290.02,8.27,0.0125,1.49,0.0076,0.0039,0,0.54,1.83,0.3,664.39,14.11,3077.12,3.59,721.03,184.72,115.59,0.0044,1.7,0.058,3.51,2.62,1.31,0.29,0.18
DC062,F,15/03/2010,IS,Treated,5,S,M,3.412,32.1,0,0.157894737,336,1.02,11.24,61.31,72450.14,23023.24,113853.54,960.67,21.47,23.78,720.77,12300.72,3.11,652.3,333.45,3.86,0.055,152.39,3.99,66.22,30.44,5.68,0.139,312.17,1040.64,322.62,5.86,0.014,0.817,0.0041,0.0026,2.48,992,5320.72,8.31,0.0125,1.91,0.0079,0.0051,0,0.57,1.83,0.29,678.68,14.92,3012.15,3.63,896.66,198.73,162.57,0.0042,1.74,0.061,3.44,2.64,1.63,0.31,0.25
DC062,F,19/04/2010,IS,Treated,5,S,M,3.807,32.3,0.057142857,0.157894737,334,0.99,2.63,58.96,20158.7,29530.93,148016.45,946.11,7.02,43.07,647.58,11458.96,2.3,139.61,328.99,2.92,0.0138,212.25,2.76,47.45,30.25,9.03,0.142,317.6,1056.12,327.11,5.96,0.014,1.015,0.0049,0.0037,2.51,995.56,5327.48,8.34,0.0128,2.31,0.0086,0.0069,1,0.97,1.83,0.3,708.69,17.37,2868.43,3.37,1324.16,218.2,266.05,0.0044,1.81,0.071,3.27,2.45,2.41,0.34,0.41
DC062,F,28/05/2010,IS,Treated,5,S,M,4.153,33.1,0.205128205,0.157894737,364,1,2.08,66.24,73599.45,29176.97,140828.33,904.11,5.88,19.19,689.59,10632.21,2.72,535.72,341.63,2.94,0.0122,99.41,3.09,46.27,30.9,12.34,0.153,333.34,1104.09,346.22,6.27,0.016,1.204,0.0058,0.0054,2.55,987.36,5261.55,8.3,0.0136,2.59,0.0094,0.0097,0,2.4,1.83,0.32,718.86,21.08,2700.67,2.91,1689.98,252.9,419.24,0.0046,1.84,0.087,3.08,2.12,3.08,0.4,0.64
DCBB4,F,02/06/2009,IS,Treated,4,NS,IM,2.64,27.6,0,0.030470914,174,0.83,3.63,65.41,85952.35,22661.23,112655.63,864.94,2.27,11.69,444.03,11100.51,3.35,782.1,331.69,3.51,0.0059,75.68,2.49,60.39,32.4,14.47,0.156,341.49,1138.55,349.65,6.42,0.014,0.687,0.0062,0.004,2.58,1000.82,5366.68,8.4,0.012,1.41,0.0109,0.007,0,0.12,0.5,0.27,656.69,16.73,2391.69,1.8,1250.32,178.59,229.3,0.0038,1.68,0.069,2.73,1.31,2.28,0.28,0.35
DCBB4,F,08/07/2009,IS,Treated,4,NS,IM,2.321,27.6,0,0.030470914,169,0.81,5.07,71.88,73514.22,22033.84,123394.36,929.48,3.9,30.34,439.81,10452.16,3.35,609.2,293.92,3.45,0.0092,180.07,2.25,51.94,32.15,13.33,0.161,352.65,1170.67,365.91,6.64,0.017,0.66,0.0069,0.0052,2.55,987.88,5275.71,8.3,0.0135,1.32,0.012,0.0087,0.5,0.34,0.5,0.28,663.62,20.25,2336.47,1.59,1196.65,171.2,204.94,0.004,1.7,0.083,2.67,1.16,2.18,0.27,0.31
DCBB4,F,06/08/2009,IS,Treated,4,NS,IM,2.564,27.6,0,0.030470914,156,0.74,4.63,61.84,103850.35,22980.28,122212.9,1135.32,4.02,17.76,736.29,12461.37,2.92,871.05,310.06,4.25,0.0096,106.02,3.8,62.49,32.37,13.67,0.164,360.78,1195.75,375.17,6.78,0.018,0.6,0.007,0.0057,2.53,985.68,5255.3,8.27,0.0143,1.18,0.0118,0.0093,1,0.44,0.5,0.27,646.2,19.5,2360.52,1.51,1049.95,157.73,177.61,0.0039,1.65,0.08,2.69,1.1,1.91,0.25,0.27
DCBB4,F,30/09/2009,IS,Treated,4,NS,IM,3.192,27.6,0,0.030470914,173,0.82,5.28,69.85,46441.72,32854.3,117818.54,980.3,24.71,14.12,639.34,10009.14,3.42,404.06,459.82,3.81,0.0612,87.41,3.42,52.07,32.58,12.22,0.166,367.69,1220.97,378.95,6.9,0.018,0.56,0.006,0.0055,2.53,994.79,5313.86,8.33,0.0141,1.09,0.01,0.0088,1,0.4,0.5,0.24,593.43,12.32,2607.23,1.62,501.52,108.14,64.88,0.0035,1.52,0.051,2.98,1.18,0.91,0.17,0.1
DCBB4,F,26/10/2009,IS,Treated,4,NS,IM,2.97,27.6,0,0.030470914,166,0.79,3.33,64.42,30087.21,20603.52,112798.22,850.47,23.83,10.94,577.64,8593.58,3.3,273.42,301.2,3.45,0.0617,70.78,3.23,46.69,32.33,12.79,0.165,366.11,1218.02,376.31,6.89,0.018,0.569,0.0057,0.0044,2.53,997.55,5338.69,8.38,0.0138,1.09,0.0095,0.0072,1,0.73,0.5,0.26,613.37,11.69,2640.46,1.7,512.39,109.47,115.09,0.0037,1.57,0.048,3.01,1.24,0.93,0.17,0.18
DCBB4,F,23/11/2009,IS,Treated,4,NS,IM,3.164,27.8,0.071428571,0.030470914,190,0.88,3.21,66.75,58360.5,26141.33,120101.89,977.19,7.31,14.86,802.19,9049.12,3.21,498.1,358.91,3.72,0.0178,90.27,4.21,46.18,32.96,10.96,0.163,361.13,1204.64,371.3,6.8,0.018,0.531,0.0056,0.0037,2.53,997.42,5352.66,8.38,0.0139,1.03,0.0096,0.0061,1,0.84,0.5,0.23,564.05,8.18,2592.58,1.51,432.12,113.12,156.45,0.0033,1.44,0.034,2.96,1.1,0.79,0.18,0.24
DCBB4,F,16/12/2009,IS,Treated,4,NS,IM,3.322,28.1,0.130434783,0.030470914,213,0.96,3.48,72.86,25959.96,27065.76,131590.16,978.13,2.82,16.76,940.46,10930.62,3.2,202.22,339.16,3.4,0.0063,92.91,4.51,50.91,32.58,7.87,0.155,344.22,1151.09,356.36,6.5,0.017,0.413,0.0051,0.0031,2.5,990.23,5326.86,8.34,0.0137,0.86,0.009,0.0053,1,0.84,0.5,0.24,568.82,7.41,2556.16,1.37,381.53,122.6,100.92,0.0034,1.45,0.03,2.92,1,0.69,0.19,0.15
DCBB4,F,18/01/2010,IS,Treated,4,NS,IM,3.374,28.1,0,0.030470914,207,0.93,3.26,64.58,17096.74,33769.14,126099.34,964.54,5.44,20.19,735.36,9029.98,2.96,138.97,441.46,3.5,0.0126,116.82,3.68,43.89,31.33,4.67,0.139,313.18,1047.29,325.19,5.89,0.014,0.462,0.0041,0.0024,2.47,987.13,5309.2,8.29,0.0129,1.06,0.0079,0.0044,1,0.84,0.5,0.3,623.46,7.93,2728.02,1.9,513.29,176.06,216.48,0.0043,1.59,0.033,3.11,1.38,0.93,0.28,0.33
DCBB4,F,01/02/2010,IS,Treated,4,NS,IM,3.245,28.1,0,0.030470914,202,0.91,2.1,70.26,66914.27,20518.01,125029.09,1316.37,18.02,15.19,707.24,8874.86,3.24,548.6,270.6,4.82,0.0421,88.65,3.57,43.51,30.86,4.53,0.137,308.28,1029.99,320.54,5.8,0.014,0.555,0.0039,0.0022,2.47,985.92,5298.45,8.27,0.0126,1.27,0.0076,0.004,1,0.84,0.5,0.32,652.58,8.46,3023.09,2.92,486.64,245.04,478.24,0.0046,1.67,0.035,3.45,2.13,0.89,0.39,0.73
DCBB4,F,15/02/2010,IS,Treated,4,NS,IM,3.116,28.1,0,0.030470914,218,0.98,2.04,65.15,70435.69,30128.97,128603.95,1310.04,4.72,12.59,703.21,9019.12,2.93,561.42,386.31,4.66,0.0107,71.41,3.45,42.98,30.62,4.39,0.137,308.85,1030.87,321.39,5.81,0.014,0.639,0.0038,0.0021,2.46,985.23,5290.02,8.27,0.0125,1.49,0.0076,0.0039,1,0.62,0.5,0.33,647.74,9.56,3337.44,3.74,489.27,370.72,562.37,0.0048,1.66,0.039,3.81,2.72,0.89,0.58,0.86
DCBB4,F,15/03/2010,IS,Treated,4,NS,IM,3.536,28.2,0.035714286,0.030470914,211,0.94,2.03,58.48,44452.16,27585.42,117416.9,1067.91,8.73,11.54,666.56,9008.71,2.88,388.07,387.4,4.16,0.0217,71.72,3.58,47.02,30.44,5.68,0.139,312.17,1040.64,322.62,5.86,0.014,0.817,0.0041,0.0026,2.48,992,5320.72,8.31,0.0125,1.91,0.0079,0.0051,0,0.59,0.5,0.35,696.32,14.68,3565.36,4.87,978.44,300.92,301.86,0.005,1.78,0.06,4.07,3.54,1.78,0.47,0.46
DCBB4,F,19/04/2010,IS,Treated,4,NS,IM,3.141,28.4,0.057142857,0.030470914,219,0.96,1.81,55.32,27245.16,23675.77,106685.37,880.28,23.7,25.79,554.44,8101.49,2.99,261.78,365.94,3.77,0.0648,176.34,3.28,46.54,30.25,9.03,0.142,317.6,1056.12,327.11,5.96,0.014,1.015,0.0049,0.0037,2.51,995.56,5327.48,8.34,0.0128,2.31,0.0086,0.0069,0,0.75,0.5,0.32,741.56,13.28,3556.18,5.35,1336.7,60.91,235.18,0.0047,1.9,0.055,4.06,3.89,2.43,0.1,0.36
DCBB4,F,28/05/2010,IS,Treated,4,NS,IM,3.931,28.7,0.076923077,0.030470914,218,0.92,1.65,73.04,35950.19,26770.49,144759.47,1165.18,6.69,20.98,837.98,12585.74,2.91,254.57,304.94,3.68,0.0135,105.71,3.65,53.29,30.9,12.34,0.153,333.34,1104.09,346.22,6.27,0.016,1.204,0.0058,0.0054,2.55,987.36,5261.55,8.3,0.0136,2.59,0.0094,0.0097,0,0.93,0.5,NA,NA,NA,3400.93,4.63,849.56,164.93,461.3,NA,NA,NA,3.88,3.37,1.55,0.26,0.71
DCDAC,F,27/10/2009,EC,Non-treated,3,NS,IM,2.941,29.8,0,0.037558685,242,0.91,0.6,52.25,22641.34,22241.57,102363.63,685.69,7.14,21.93,740.33,11915.02,2.95,226.73,358.29,3.06,0.0203,156.31,4.56,71.34,32.33,12.79,0.165,366.11,1218.02,376.31,6.89,0.018,0.569,0.0057,0.0044,2.53,997.55,5338.69,8.38,0.0138,1.09,0.0095,0.0072,0,0.32,0.62,0.17,482.28,6.42,2785.77,2.79,281.53,181.27,135.48,0.0025,1.23,0.026,3.18,2.04,0.51,0.29,0.21
DCDAC,F,23/11/2009,EC,Non-treated,3,NS,IM,2.230666667,29.9,0.035714286,0.037558685,223,0.83,0.63,68.76,129805.15,28842.74,112791.27,735.97,4.61,41.65,566.48,9331.3,3.52,1179.69,421.67,2.98,0.0119,269.41,3.17,50.71,32.96,10.96,0.163,361.13,1204.64,371.3,6.8,0.018,0.531,0.0056,0.0037,2.53,997.42,5352.66,8.38,0.0139,1.03,0.0096,0.0061,0,0.32,0.62,0.25,590.95,8.59,3040.37,3.49,379.2,203.37,224.29,0.0036,1.51,0.035,3.47,2.55,0.69,0.32,0.34
DCDAC,F,16/12/2009,EC,Non-treated,3,NS,IM,2.097,30.1,0.086956522,0.037558685,250,0.92,0.57,71.03,22900.28,17958.46,98229.75,632.26,4.94,28.46,450.57,7400.62,4.18,239.01,301.68,2.95,0.0147,211.41,2.89,46.19,32.58,7.87,0.155,344.22,1151.09,356.36,6.5,0.017,0.413,0.0051,0.0031,2.5,990.23,5326.86,8.34,0.0137,0.86,0.009,0.0053,0,0.32,0.62,0.31,632.3,9.38,3234.9,3.93,478.13,211.57,249.47,0.0045,1.62,0.039,3.69,2.86,0.87,0.33,0.38
DCDAC,F,18/01/2010,EC,Non-treated,3,NS,IM,2.526,30.2,0.03030303,0.037558685,234,0.85,0.6,53.53,15056.26,26528.38,119133.46,825.86,7.21,47.03,541.84,9487.68,2.59,129.55,367.19,3.17,0.0177,287.97,2.87,48.81,31.33,4.67,0.139,313.18,1047.29,325.19,5.89,0.014,0.462,0.0041,0.0024,2.47,987.13,5309.2,8.29,0.0129,1.06,0.0079,0.0044,1,0.58,0.62,0.38,723.52,9.45,3496.1,4.35,625.38,204.29,197.77,0.0055,1.85,0.039,3.99,3.16,1.14,0.32,0.3
DCDAC,F,15/02/2010,EC,Non-treated,3,NS,IM,3.067,30.3,0.035714286,0.037558685,256,0.92,0.54,59.2,52650.15,20776.92,116349.83,835.76,2.95,19.22,372.9,8722.75,2.93,463.67,293.9,3.28,0.0074,120.74,2.02,45.9,30.62,4.39,0.137,308.85,1030.87,321.39,5.81,0.014,0.639,0.0038,0.0021,2.46,985.23,5290.02,8.27,0.0125,1.49,0.0076,0.0039,1,0.69,0.62,0.41,781.62,11.16,3631.54,4.48,776.28,206.9,156.62,0.0059,2,0.046,4.15,3.26,1.41,0.33,0.24
DCDAC,F,15/03/2010,EC,Non-treated,3,NS,IM,2.721,30.4,0.035714286,0.037558685,258,0.92,0.53,63.82,19460.45,22778.4,121301.27,913.43,8.22,28.01,522.85,12337.41,3.04,164.45,309.65,3.44,0.0198,168.47,2.72,62.34,30.44,5.68,0.139,312.17,1040.64,322.62,5.86,0.014,0.817,0.0041,0.0026,2.48,992,5320.72,8.31,0.0125,1.91,0.0079,0.0051,1,0.48,0.62,0.42,832.12,12.56,3633.35,4.35,1030.89,244.91,246.42,0.006,2.13,0.052,4.15,3.17,1.88,0.39,0.38
DCDAC,F,19/04/2010,EC,Non-treated,3,NS,IM,2.919,30.6,0.057142857,0.037558685,250,0.87,0.55,62.94,16165.19,24039.94,115612.17,945.23,16.37,18.2,492.8,12220.09,3.14,143.33,342.88,3.74,0.0413,114.85,2.69,64.78,30.25,9.03,0.142,317.6,1056.12,327.11,5.96,0.014,1.015,0.0049,0.0037,2.51,995.56,5327.48,8.34,0.0128,2.31,0.0086,0.0069,0.5,0.46,0.62,0.41,806.75,15.23,3554.28,4,1291.23,278.9,396.65,0.0059,2.06,0.063,4.06,2.91,2.35,0.44,0.61
DCDAC,F,28/05/2010,EC,Non-treated,3,NS,IM,2.894,30.6,0,0.037558685,252,0.88,0.55,75.54,14545.4,22195.7,119030.81,967.92,7.86,11.86,540.85,12869.73,3.66,125.26,307.48,3.72,0.0193,72.68,2.87,66.27,30.9,12.34,0.153,333.34,1104.09,346.22,6.27,0.016,1.204,0.0058,0.0054,2.55,987.36,5261.55,8.3,0.0136,2.59,0.0094,0.0097,0,1.41,0.62,0.34,750.61,14.54,3364.63,4.06,866.3,232.18,243.41,0.0049,1.92,0.06,3.84,2.96,1.58,0.37,0.37
DCF3D,M,02/06/2009,IS,Treated,3,S,M,2.318,23.6,0,0.130193906,117,0.89,NA,64.69,113730.55,40923.08,119660.3,1465.33,3.04,13.91,540.16,13344.6,3.12,974.27,563.93,5.6,0.0074,84.81,2.85,68.35,32.4,14.47,0.156,341.49,1138.55,349.65,6.42,0.014,0.687,0.0062,0.004,2.58,1000.82,5366.68,8.4,0.012,1.41,0.0109,0.007,0,1.89,1.48,0.21,545.47,10,4352.53,4.31,852.02,235.6,38.28,0.003,1.4,0.041,4.97,3.14,1.55,0.37,0.06
DCF3D,M,21/07/2009,IS,Treated,3,S,M,3.414,23.9,0.06122449,0.130193906,115,0.84,NA,66.31,70004.19,34187.35,126060.71,1404.36,18.26,27.62,541.42,15549.25,3.04,569.24,447.19,5.1,0.0423,159.85,2.71,75.6,32.16,13.19,0.163,356.4,1182.06,370.53,6.71,0.018,0.635,0.007,0.0055,2.54,985.91,5260.36,8.28,0.0139,1.26,0.0121,0.009,0,1.42,1.48,0.25,660.63,16.46,3299.33,4.08,1660.91,226.57,471.02,0.0036,1.69,0.068,3.77,2.97,3.03,0.36,0.72
DCF3D,M,19/08/2009,IS,Treated,3,S,M,3.91,24.1,0.068965517,0.130193906,132,0.94,NA,68.28,56784.74,34203.26,148920.51,1285.53,8.65,22.78,701.68,17794.52,2.65,390.87,378.72,3.95,0.017,111.6,2.97,73.24,32.67,13.92,0.165,364.28,1207.02,378.17,6.84,0.019,0.566,0.0069,0.0058,2.52,987.46,5263.22,8.27,0.0145,1.11,0.0114,0.0095,1,1.42,1.48,0.25,659.49,18.28,2951.91,3.64,1874.96,161.67,319.51,0.0035,1.69,0.075,3.37,2.65,3.42,0.25,0.49
DCF3D,M,30/09/2009,IS,Treated,3,S,M,4.255,24.5,0.095238095,0.130193906,154,1.05,NA,67.64,32432.4,30907.76,133290.46,987.78,4.72,25.56,706.05,15274.15,2.93,249.42,382.37,3.39,0.0103,139.9,3.34,70.23,32.58,12.22,0.166,367.69,1220.97,378.95,6.9,0.018,0.56,0.006,0.0055,2.53,994.79,5313.86,8.33,0.0141,1.09,0.01,0.0088,1,1.24,1.48,0.27,722.74,14.3,2810.92,3.27,2217.34,136.46,230.88,0.0039,1.85,0.059,3.21,2.38,4.04,0.21,0.35
DCF3D,M,26/10/2009,IS,Treated,3,S,M,3.173,24.9,0.153846154,0.130193906,160,1.04,NA,68.36,31697.2,37784.46,121656.82,1004.65,3.28,27.72,723.74,15302.41,3.24,267.08,512.14,3.78,0.0079,166.24,3.75,77.09,32.33,12.79,0.165,366.11,1218.02,376.31,6.89,0.018,0.569,0.0057,0.0044,2.53,997.55,5338.69,8.38,0.0138,1.09,0.0095,0.0072,1,2.71,1.48,0.3,772.78,13.7,2867.76,3.25,2155.3,156.24,253.35,0.0043,1.98,0.056,3.27,2.37,3.93,0.25,0.39
DCF3D,M,23/11/2009,IS,Treated,3,S,M,3.66,26,0.392857143,0.130193906,190,1.08,NA,55.96,36011.55,28492.52,143000.83,1034.93,10.64,55.64,912.92,17601.67,2.28,257.62,325.49,3.3,0.0219,282.77,4.03,75.22,32.96,10.96,0.163,361.13,1204.64,371.3,6.8,0.018,0.531,0.0056,0.0037,2.53,997.42,5352.66,8.38,0.0139,1.03,0.0096,0.0061,1,0.97,1.48,0.31,776.83,13.52,2969.51,3.25,1709.8,181.6,228.9,0.0044,1.99,0.056,3.39,2.37,3.11,0.29,0.35
DCF3D,M,16/12/2009,IS,Treated,3,S,M,3.835,26.8,0.347826087,0.130193906,220,1.14,NA,56.24,26870.87,21623.57,128235.77,850.78,3.21,31.25,795.5,14992.92,2.53,214.79,278.05,3.03,0.0073,177.77,3.91,71.66,32.58,7.87,0.155,344.22,1151.09,356.36,6.5,0.017,0.413,0.0051,0.0031,2.5,990.23,5326.86,8.34,0.0137,0.86,0.009,0.0053,1,0.94,1.48,0.31,748.27,11.39,3419.62,3.67,1336.2,272.74,376.41,0.0044,1.91,0.047,3.9,2.67,2.43,0.43,0.58
DCF3D,M,18/01/2010,IS,Treated,3,S,M,3.597,27.4,0.181818182,0.130193906,233,1.13,NA,61.64,11991.66,54477.56,158036.67,1080.99,10.72,54.01,759.13,13435.97,2.25,77.78,568.42,3.13,0.0198,249.3,3.03,52.11,31.33,4.67,0.139,313.18,1047.29,325.19,5.89,0.014,0.462,0.0041,0.0024,2.47,987.13,5309.2,8.29,0.0129,1.06,0.0079,0.0044,0,2.37,1.48,0.29,704.46,11.33,3902.34,4.14,1150.24,340.63,530.71,0.0042,1.8,0.047,4.45,3.01,2.1,0.54,0.81
DCF3D,M,01/02/2010,IS,Treated,3,S,M,3.612,27.4,0,0.130193906,225,1.09,NA,57.83,93830.82,18603.24,112954.74,1102.11,7.66,23.35,676.99,8863.42,2.96,851.52,271.58,4.46,0.0198,150.78,3.78,48.09,30.86,4.53,0.137,308.28,1029.99,320.54,5.8,0.014,0.555,0.0039,0.0022,2.47,985.92,5298.45,8.27,0.0126,1.27,0.0076,0.004,0,2.37,1.48,0.26,674.61,11.99,3687.31,3.88,1332.37,270.63,415.03,0.0037,1.73,0.049,4.21,2.82,2.43,0.43,0.63
DCF3D,M,15/02/2010,IS,Treated,3,S,M,4.0345,27.4,0,0.130193906,230,1.12,NA,62.7,48612.19,36775.87,137338.3,1234.63,4.41,34.24,935.09,13543.49,2.64,362.83,441.55,4.11,0.0094,181.86,4.29,60.44,30.62,4.39,0.137,308.85,1030.87,321.39,5.81,0.014,0.639,0.0038,0.0021,2.46,985.23,5290.02,8.27,0.0125,1.49,0.0076,0.0039,0.5,1.78,1.48,0.24,644.89,12.57,3280.27,3.42,1645.93,153.91,323.11,0.0035,1.65,0.052,3.74,2.49,3,0.24,0.49
DCF3D,M,15/03/2010,IS,Treated,3,S,M,3.807,27.6,0.071428571,0.130193906,236,1.12,NA,62.63,14580.19,19844.61,123363.33,982.33,7.31,36.66,845.35,12493.02,2.93,121.15,265.26,3.64,0.0173,216.81,4.32,62.07,30.44,5.68,0.139,312.17,1040.64,322.62,5.86,0.014,0.817,0.0041,0.0026,2.48,992,5320.72,8.31,0.0125,1.91,0.0079,0.0051,0,0.62,1.48,0.23,606.05,13.37,3001.97,2.89,1737.44,93.9,292.28,0.0033,1.55,0.055,3.43,2.1,3.16,0.15,0.45
DCF3D,M,28/05/2010,IS,Treated,3,S,M,4.573,28.3,0.094594595,0.130193906,255,1.13,NA,54.96,12423.23,21326.93,107602.45,973.68,6.63,12.93,499.41,11880.97,2.95,118.35,326.83,4.14,0.018,87.7,2.93,67.67,30.9,12.34,0.153,333.34,1104.09,346.22,6.27,0.016,1.204,0.0058,0.0054,2.55,987.36,5261.55,8.3,0.0136,2.59,0.0094,0.0097,0,0.62,1.48,0.23,610.65,15.57,3039.37,3.21,1713.43,109.84,377.72,0.0033,1.56,0.064,3.47,2.34,3.12,0.17,0.58
DD019,F,27/10/2009,EC,Non-treated,3,NS,IM,2.544,32,0,0,350,1.07,0.4,55,54990.94,25308.77,100624.23,646.62,19.97,10.06,689.45,11238.52,3.16,560.2,414.74,2.94,0.0579,72.94,4.32,68.45,32.33,12.79,0.165,366.11,1218.02,376.31,6.89,0.018,0.569,0.0057,0.0044,2.53,997.55,5338.69,8.38,0.0138,1.09,0.0095,0.0072,0,0.33,0.66,0.27,882.36,12.84,2819.94,1.78,1938.33,207.09,287.21,0.0039,2.26,0.053,3.22,1.3,3.53,0.33,0.44
DD019,F,23/11/2009,EC,Non-treated,3,NS,IM,2.848666667,32,0,0,347,1.06,0.4,68.64,81478.14,41048.98,121227.95,815.28,26.68,32.42,777.11,10778.25,3.27,688.95,558.35,3.08,0.0642,195.11,4.04,54.49,32.96,10.96,0.163,361.13,1204.64,371.3,6.8,0.018,0.531,0.0056,0.0037,2.53,997.42,5352.66,8.38,0.0139,1.03,0.0096,0.0061,0,0.33,0.66,0.27,819.91,7.11,3053.47,2.37,991.82,186.94,219.91,0.0039,2.1,0.029,3.49,1.73,1.81,0.29,0.34
DD019,F,16/12/2009,EC,Non-treated,3,NS,IM,2.965,32,0,0,328,1,0.42,66.84,39207.59,28047.31,148106.6,999.41,8.64,18.12,1120.04,14493.7,2.61,271.36,312.27,3.09,0.017,89.27,4.77,59.98,32.58,7.87,0.155,344.22,1151.09,356.36,6.5,0.017,0.413,0.0051,0.0031,2.5,990.23,5326.86,8.34,0.0137,0.86,0.009,0.0053,1,0.63,0.66,0.29,814.93,6.37,3179.75,2.74,454.57,178.17,180.98,0.0042,2.08,0.026,3.63,2,0.83,0.28,0.28
DD019,F,18/01/2010,EC,Non-treated,3,NS,IM,2.571,32,0,0,334,1.02,0.41,70.74,42982.99,28202.84,116638.4,765.11,7.28,22.75,755.05,12064.15,3.5,377.75,398.71,3,0.0182,142.28,4.08,63.39,31.33,4.67,0.139,313.18,1047.29,325.19,5.89,0.014,0.462,0.0041,0.0024,2.47,987.13,5309.2,8.29,0.0129,1.06,0.0079,0.0044,1,0.36,0.66,0.3,829.64,6.86,3235.19,3.05,122.05,169.11,173.98,0.0044,2.12,0.028,3.69,2.22,0.22,0.27,0.27
DD019,F,01/02/2010,EC,Non-treated,3,NS,IM,2.829,32,0,0,328,1,0.43,63.51,82384.37,19910.64,113033.47,777.06,17.21,18.55,711.74,11752.21,3.24,747.12,290.46,3.14,0.0444,119.75,3.97,63.72,30.86,4.53,0.137,308.28,1029.99,320.54,5.8,0.014,0.555,0.0039,0.0022,2.47,985.92,5298.45,8.27,0.0126,1.27,0.0076,0.004,1,0.72,0.66,0.3,823.26,7.13,3205.2,3.07,162.09,163.33,195.51,0.0043,2.11,0.029,3.66,2.24,0.3,0.26,0.3
DD019,F,15/02/2010,EC,Non-treated,3,NS,IM,2.696,32,0,0,341,1.04,0.4,62.73,41427.63,18109.13,109384.7,795.92,9.64,20.32,714.65,10047.53,3.31,388.23,272.99,3.33,0.0257,135.54,4.12,56.3,30.62,4.39,0.137,308.85,1030.87,321.39,5.81,0.014,0.639,0.0038,0.0021,2.46,985.23,5290.02,8.27,0.0125,1.49,0.0076,0.0039,1,0.72,0.66,0.31,827.86,8.08,3158.76,3.08,266.73,162.99,216.49,0.0044,2.12,0.033,3.61,2.24,0.49,0.26,0.33
DD019,F,15/03/2010,EC,Non-treated,3,NS,IM,2.795,32,0,0,341,1.04,0.4,64.26,23730.52,18534.88,114333.16,900.38,10.79,35.89,787.16,10784.92,3.25,212.76,267.32,3.6,0.0275,229,4.34,57.81,30.44,5.68,0.139,312.17,1040.64,322.62,5.86,0.014,0.817,0.0041,0.0026,2.48,992,5320.72,8.31,0.0125,1.91,0.0079,0.0051,1,0.73,0.66,0.35,887.65,17.78,3065.78,3.11,531.33,199.5,208.88,0.005,2.27,0.073,3.5,2.27,0.97,0.31,0.32
DD019,F,19/04/2010,EC,Non-treated,3,NS,IM,2.77,32,0,0,335,1.02,0.41,63.69,49004.69,19768.18,108639.33,819.87,9.66,12.38,570.66,13738.59,3.38,462.38,300.05,3.45,0.0259,83.15,3.31,77.51,30.25,9.03,0.142,317.6,1056.12,327.11,5.96,0.014,1.015,0.0049,0.0037,2.51,995.56,5327.48,8.34,0.0128,2.31,0.0086,0.0069,1,1.24,0.66,0.3,869.95,11.54,3061.64,3.25,711.41,237.97,184.32,0.0043,2.22,0.047,3.5,2.37,1.3,0.37,0.28
DD019,F,28/05/2010,EC,Non-treated,3,NS,IM,2.647,32,0,0,327,1,0.42,65.85,32493.32,18269.57,106917.12,802.76,8.49,8.9,509.18,15183.22,3.56,311.53,281.77,3.43,0.0232,60.73,3,87.04,30.9,12.34,0.153,333.34,1104.09,346.22,6.27,0.016,1.204,0.0058,0.0054,2.55,987.36,5261.55,8.3,0.0136,2.59,0.0094,0.0097,0,1.24,0.66,0.3,789.52,13.59,2988.94,3.51,673.14,165.94,624.57,0.0043,2.02,0.056,3.41,2.55,1.23,0.26,0.95
DD293,M,02/06/2009,IS,Non-treated,6,S,M,2.984,23.9,0,0.069252078,107,0.78,NA,68.41,34892.47,26506.88,144483.37,1259.25,16.51,8.88,596.59,15719.15,2.73,247.55,302.52,3.99,0.0334,44.82,2.6,66.68,32.4,14.47,0.156,341.49,1138.55,349.65,6.42,0.014,0.687,0.0062,0.004,2.58,1000.82,5366.68,8.4,0.012,1.41,0.0109,0.007,0,0.5,0.5,0.23,616.41,5.73,3678.88,2.67,971.46,267.57,213.55,0.0033,1.58,0.024,4.2,1.94,1.77,0.42,0.33
DD293,M,21/07/2009,IS,Non-treated,6,S,M,2.208,24.2,0.06122449,0.069252078,94,0.66,NA,82.58,59694.65,32194.88,131472.1,1223.25,3.36,16.33,603.74,13766.06,3.63,465.43,403.8,4.26,0.0075,90.6,2.9,64.18,32.16,13.19,0.163,356.4,1182.06,370.53,6.71,0.018,0.635,0.007,0.0055,2.54,985.91,5260.36,8.28,0.0139,1.26,0.0121,0.009,1,0.5,0.5,0.39,874.69,10.15,3168.96,2.27,2089.89,266.73,297.7,0.0057,2.24,0.042,3.62,1.65,3.81,0.42,0.46
DD293,M,19/08/2009,IS,Non-treated,6,S,M,2.558,24.2,0,0.069252078,99,0.7,NA,69.12,58323.97,29720.89,116570.69,1052.82,9.8,16.33,621.22,14307.33,3.42,512.87,420.42,4.13,0.0245,102.19,3.36,75.23,32.67,13.92,0.165,364.28,1207.02,378.17,6.84,0.019,0.566,0.0069,0.0058,2.52,987.46,5263.22,8.27,0.0145,1.11,0.0114,0.0095,1,0.5,0.5,0.43,1061.48,12.74,3140.44,3.18,950.19,325,352.25,0.0062,2.71,0.052,3.58,2.31,1.73,0.51,0.54
DD293,M,30/09/2009,IS,Non-treated,6,S,M,4.859,24.2,0,0.069252078,109,0.77,NA,70.26,71442.54,38879.85,112004.85,1130.97,5.71,8.07,670.57,12602.7,3.62,653.92,572.77,4.62,0.0149,52.59,3.78,68.97,32.58,12.22,0.166,367.69,1220.97,378.95,6.9,0.018,0.56,0.006,0.0055,2.53,994.79,5313.86,8.33,0.0141,1.09,0.01,0.0088,1,0.5,0.5,0.4,1081.29,11.06,2912.68,3.46,677.81,337.94,500.22,0.0058,2.77,0.046,3.32,2.52,1.23,0.53,0.76
DD293,M,26/10/2009,IS,Non-treated,6,S,M,2.419,24.2,0,0.069252078,110,0.78,NA,61.85,54578.49,21385.35,101070.34,953,18.3,15.04,741.34,12711.9,3.53,553.54,348.9,4.31,0.0528,108.55,4.63,77.09,32.33,12.79,0.165,366.11,1218.02,376.31,6.89,0.018,0.569,0.0057,0.0044,2.53,997.55,5338.69,8.38,0.0138,1.09,0.0095,0.0072,1,0.5,0.5,0.38,1032.97,10.29,2763.66,3.27,898.66,286.16,455.66,0.0055,2.64,0.042,3.15,2.38,1.64,0.45,0.7
DD293,M,23/11/2009,IS,Non-treated,6,S,M,3.592,24.3,0.035714286,0.069252078,138,0.96,NA,60.87,46473,30571.92,119775.85,915.86,11.81,16.56,922.76,13963.25,2.93,397.73,420.89,3.5,0.0288,100.85,4.86,71.45,32.96,10.96,0.163,361.13,1204.64,371.3,6.8,0.018,0.531,0.0056,0.0037,2.53,997.42,5352.66,8.38,0.0139,1.03,0.0096,0.0061,1,0.5,0.5,0.4,1029.81,12.06,2682.1,3.03,1092.5,184.59,220.82,0.0058,2.63,0.05,3.06,2.21,1.99,0.29,0.34
DD293,M,16/12/2009,IS,Non-treated,6,S,M,3.635,24.9,0.260869565,0.069252078,156,1.01,NA,61.35,33054.37,27122.28,135700.07,935.11,2.54,11.96,987.56,14808.37,2.61,249.69,329.58,3.15,0.0055,64.28,4.59,66.88,32.58,7.87,0.155,344.22,1151.09,356.36,6.5,0.017,0.413,0.0051,0.0031,2.5,990.23,5326.86,8.34,0.0137,0.86,0.009,0.0053,1,0.5,0.5,0.43,1048.31,14.66,2799.69,3.31,1087.16,201.47,309.16,0.0062,2.68,0.06,3.2,2.41,1.98,0.32,0.47
DD293,M,18/01/2010,IS,Non-treated,6,S,M,4.504,24.9,0,0.069252078,157,1.02,NA,61.73,27041.16,28911.51,128090.75,959.02,12.74,17.68,709,10688.73,2.78,216.4,372.19,3.42,0.029,100.67,3.49,51.14,31.33,4.67,0.139,313.18,1047.29,325.19,5.89,0.014,0.462,0.0041,0.0024,2.47,987.13,5309.2,8.29,0.0129,1.06,0.0079,0.0044,0,0.5,0.5,0.38,1020.14,12.75,3148.5,3.99,952.11,280.3,573.03,0.0054,2.61,0.052,3.59,2.91,1.73,0.44,0.88
DD293,M,01/02/2010,IS,Non-treated,6,S,M,3.597,25.4,0.357142857,0.069252078,162,0.99,NA,57.21,52795.83,21936.36,121132.93,887.31,9.62,14.33,784.47,11029.36,2.73,446.78,298.62,3.35,0.0232,86.28,4.08,55.81,30.86,4.53,0.137,308.28,1029.99,320.54,5.8,0.014,0.555,0.0039,0.0022,2.47,985.92,5298.45,8.27,0.0126,1.27,0.0076,0.004,0,0.5,0.5,0.36,983.47,12.66,3315.09,4.16,903.88,281.29,588.12,0.0052,2.52,0.052,3.78,3.03,1.65,0.44,0.9
DD293,M,15/02/2010,IS,Non-treated,6,S,M,3.24,25.4,0,0.069252078,180,1.1,NA,57.33,27541.42,20433.11,115598.88,779.54,15.36,23.7,719.44,11322.61,2.86,244.22,291.47,3.08,0.0388,149.53,3.93,60.03,30.62,4.39,0.137,308.85,1030.87,321.39,5.81,0.014,0.639,0.0038,0.0021,2.46,985.23,5290.02,8.27,0.0125,1.49,0.0076,0.0039,0,0.5,0.5,0.36,947.97,12.41,3491.67,4.3,859.94,275.29,572.61,0.0052,2.42,0.051,3.99,3.14,1.57,0.43,0.88
DD293,M,15/03/2010,IS,Non-treated,6,S,M,3.635,25.9,0.178571429,0.069252078,181,1.04,NA,49.85,13753.79,24775.7,131870.84,741.96,2.81,30.87,782.94,13449.4,2.18,106.91,309.8,2.57,0.0062,170.79,3.74,62.51,30.44,5.68,0.139,312.17,1040.64,322.62,5.86,0.014,0.817,0.0041,0.0026,2.48,992,5320.72,8.31,0.0125,1.91,0.0079,0.0051,0,0.5,0.5,0.35,900.2,10.37,3852.94,4.59,820.57,248.72,479.52,0.005,2.3,0.043,4.4,3.35,1.49,0.39,0.73
DD293,M,19/04/2010,IS,Non-treated,6,S,M,3.314,26.4,0.142857143,0.069252078,195,1.06,NA,51.31,28087.08,23957.45,116548.47,738.69,3.08,14.36,648.05,11252.54,2.54,247.03,338.96,2.9,0.0077,89.89,3.51,59.18,30.25,9.03,0.142,317.6,1056.12,327.11,5.96,0.014,1.015,0.0049,0.0037,2.51,995.56,5327.48,8.34,0.0128,2.31,0.0086,0.0069,0,0.5,0.5,0.37,905.55,11.2,4205.36,4.86,859.58,330.31,322.08,0.0053,2.32,0.046,4.8,3.54,1.57,0.52,0.49
DD293,M,28/05/2010,IS,Non-treated,6,S,M,2.622,26.4,0,0.069252078,193,1.05,NA,70.86,76110.55,20440.12,111135.74,1030.26,5.57,9.04,645.01,9246.68,3.68,702.16,303.65,4.24,0.0146,59.22,3.66,51.03,30.9,12.34,0.153,333.34,1104.09,346.22,6.27,0.016,1.204,0.0058,0.0054,2.55,987.36,5261.55,8.3,0.0136,2.59,0.0094,0.0097,0,0.5,0.5,0.35,857.49,14.07,4172.95,4.81,1033.37,NA,296.53,0.005,2.19,0.058,4.76,3.5,1.88,NA,0.45
DD485,F,02/06/2009,IS,Non-treated,4,NS,M,2.437,26.8,0,0.066481994,157,0.82,2.25,64.36,47113.27,21402.59,122683.74,898.79,16.34,19.44,467.32,10183.87,3.03,393.65,287.67,3.35,0.0389,115.62,2.4,50.88,32.4,14.47,0.156,341.49,1138.55,349.65,6.42,0.014,0.687,0.0062,0.004,2.58,1000.82,5366.68,8.4,0.012,1.41,0.0109,0.007,0,1.43,0.6,0.25,611.34,12.75,3645.42,4.79,465.21,186.65,232.58,0.0037,1.56,0.052,4.16,3.49,0.85,0.29,0.36
DD485,F,08/07/2009,IS,Non-treated,4,NS,M,2.676,26.9,0.027777778,0.066481994,166,0.85,2.32,66.61,63934.65,23058.92,126489.91,1005.34,5.11,31.43,591.08,13832.89,3.04,518.12,300.6,3.64,0.0118,181.27,2.95,67.03,32.15,13.33,0.161,352.65,1170.67,365.91,6.64,0.017,0.66,0.0069,0.0052,2.55,987.88,5275.71,8.3,0.0135,1.32,0.012,0.0087,0,0.44,0.6,0.21,605.41,11.99,3301.41,4.37,535.15,182.85,230.24,0.0031,1.55,0.049,3.77,3.18,0.97,0.29,0.35
DD485,F,06/08/2009,IS,Non-treated,4,NS,M,3.707,27.4,0.172413793,0.066481994,176,0.86,2.14,58.41,108321,21432.83,114950.77,959.95,1.44,20.67,745.88,13842.69,2.93,965.94,307.45,3.82,0.0036,131.16,4.09,73.81,32.37,13.67,0.164,360.78,1195.75,375.17,6.78,0.018,0.6,0.007,0.0057,2.53,985.68,5255.3,8.27,0.0143,1.18,0.0118,0.0093,0,0.44,0.6,0.19,573.62,9.35,3497.7,4.59,496.57,161.4,217.65,0.0028,1.47,0.038,3.99,3.34,0.9,0.25,0.33
DD485,F,30/09/2009,IS,Non-treated,4,NS,M,4.082,27.9,0.090909091,0.066481994,211,0.97,1.72,71.45,74620.66,29990.94,140085.22,1202.65,4.43,13.61,1028.33,14952.87,2.94,546.1,353.03,3.93,0.0092,70.89,4.63,65.42,32.58,12.22,0.166,367.69,1220.97,378.95,6.9,0.018,0.56,0.006,0.0055,2.53,994.79,5313.86,8.33,0.0141,1.09,0.01,0.0088,0,0.44,0.6,0.19,562.29,8.87,3345.77,4.53,606.46,162.42,163.24,0.0028,1.44,0.037,3.82,3.3,1.1,0.26,0.25
DD485,F,26/10/2009,IS,Non-treated,4,NS,M,4.037,27.9,0,0.066481994,205,0.94,1.72,65.3,84400.83,18497.41,126327.1,1123.74,5.6,18.23,914.03,12022.8,2.98,684.56,241.25,4.07,0.0129,105.37,4.56,58.27,32.33,12.79,0.165,366.11,1218.02,376.31,6.89,0.018,0.569,0.0057,0.0044,2.53,997.55,5338.69,8.38,0.0138,1.09,0.0095,0.0072,0,0.44,0.6,0.22,603.11,10.27,3566.56,4.99,550.74,168.41,155.71,0.0032,1.54,0.042,4.07,3.63,1,0.27,0.24
DD485,F,23/11/2009,IS,Non-treated,4,NS,M,4.529,28.4,0.178571429,0.066481994,230,1,2.28,71.48,39115.38,35463.28,167816.73,1354.56,6.9,36.79,1007.79,11169.7,2.46,238.93,348.46,3.69,0.012,159.91,3.79,40.79,32.96,10.96,0.163,361.13,1204.64,371.3,6.8,0.018,0.531,0.0056,0.0037,2.53,997.42,5352.66,8.38,0.0139,1.03,0.0096,0.0061,0,0.44,0.6,0.24,659.2,10.5,3972.79,5.76,435.2,174.87,160.64,0.0034,1.69,0.043,4.54,4.2,0.79,0.28,0.25
DD485,F,16/12/2009,IS,Non-treated,4,NS,M,4.518,28.7,0.130434783,0.066481994,257,1.09,5.7,65.82,27431.43,27366.5,191535.61,1424.74,6.8,20.66,1047.83,11401.15,1.98,146.81,235.6,3.4,0.0104,78.68,3.45,36.48,32.58,7.87,0.155,344.22,1151.09,356.36,6.5,0.017,0.413,0.0051,0.0031,2.5,990.23,5326.86,8.34,0.0137,0.86,0.009,0.0053,0,0.49,0.6,0.21,649.27,8.93,4088.55,6.17,435.77,169.22,162.39,0.0031,1.66,0.037,4.67,4.49,0.79,0.27,0.25
DD485,F,18/01/2010,IS,Non-treated,4,NS,M,3.994,28.7,0,0.066481994,249,1.05,10.27,66.24,80445.88,34960.33,176926.37,1588.79,9.79,30.98,869.9,7870.17,2.18,469.18,327.29,4.1,0.0161,127.67,3.11,27.36,31.33,4.67,0.139,313.18,1047.29,325.19,5.89,0.014,0.462,0.0041,0.0024,2.47,987.13,5309.2,8.29,0.0129,1.06,0.0079,0.0044,0,0.49,0.6,0.23,576.39,9.02,3983.62,6.49,551.88,145.83,163.53,0.0034,1.47,0.037,4.55,4.73,1.01,0.23,0.25
DD485,F,01/02/2010,IS,Non-treated,4,NS,M,4.697,28.7,0,0.066481994,243,1.03,10.94,66.05,59145.83,19836.8,190219.51,1513.95,7.28,36.05,825.54,9034.58,2,318.73,171.96,3.64,0.0112,138.26,2.74,29.11,30.86,4.53,0.137,308.28,1029.99,320.54,5.8,0.014,0.555,0.0039,0.0022,2.47,985.92,5298.45,8.27,0.0126,1.27,0.0076,0.004,0,0.49,0.6,0.26,586.03,9.86,3915.91,6.56,620.82,139.75,171.74,0.0038,1.5,0.041,4.47,4.78,1.13,0.22,0.26
DD485,F,15/02/2010,IS,Non-treated,4,NS,M,4.727333333,28.7,0,0.066481994,263,1.11,15.45,63.02,55122.93,17014.49,159945.17,1362.71,9.54,27.57,639.91,7916.59,2.27,353.35,175.42,3.9,0.0174,125.75,2.52,30.33,30.62,4.39,0.137,308.85,1030.87,321.39,5.81,0.014,0.639,0.0038,0.0021,2.46,985.23,5290.02,8.27,0.0125,1.49,0.0076,0.0039,0,0.49,0.6,0.3,724.5,10.79,3871.73,6.62,690.91,140.92,188.91,0.0043,1.85,0.044,4.42,4.82,1.26,0.22,0.29
DD485,F,15/03/2010,IS,Non-treated,4,NS,M,3.511,28.8,0.035714286,0.066481994,264,1.11,18.6,55.24,79847.25,16251.17,130614.44,1080.68,22.35,26.3,484.08,8557.04,2.45,628.45,205.76,3.8,0.0501,147.31,2.34,40.28,30.44,5.68,0.139,312.17,1040.64,322.62,5.86,0.014,0.817,0.0041,0.0026,2.48,992,5320.72,8.31,0.0125,1.91,0.0079,0.0051,1,1.42,0.6,0.3,859.53,12.53,3700.6,6.35,946.32,154.11,235.72,0.0043,2.2,0.052,4.22,4.63,1.72,0.24,0.36
DD485,F,19/04/2010,IS,Non-treated,4,NS,M,3.437,29.2,0.114285714,0.066481994,240,0.96,2.25,61.96,70490.33,22302.23,125237,1012.2,15.42,24.74,655,11719.74,2.86,576.96,293.65,3.7,0.0359,144.11,3.3,57.36,30.25,9.03,0.142,317.6,1056.12,327.11,5.96,0.014,1.015,0.0049,0.0037,2.51,995.56,5327.48,8.34,0.0128,2.31,0.0086,0.0069,0,1.42,0.6,0.28,766.95,14.42,3388.83,5.3,1317.01,189.14,304.39,0.0041,1.96,0.059,3.87,3.86,2.4,0.3,0.47
DD485,F,28/05/2010,IS,Non-treated,4,NS,M,3.19,29.2,0,0.066481994,247,0.99,1.58,83.34,55276.19,24102.88,125221.03,1189.73,5.47,22.9,870.53,10305.35,3.84,452.49,317.4,4.35,0.0127,133.42,4.38,50.44,30.9,12.34,0.153,333.34,1104.09,346.22,6.27,0.016,1.204,0.0058,0.0054,2.55,987.36,5261.55,8.3,0.0136,2.59,0.0094,0.0097,0,0.42,0.6,0.27,737.54,14.71,3453.54,5,1023.87,247.7,NA,0.0039,1.89,0.061,3.94,3.64,1.86,0.39,NA
F8323,M,02/06/2009,IS,Non-treated,4,S,M,4.477,24.6,0,0.096952909,142,0.95,NA,65.98,95110.69,26035.21,128715.51,986.24,9.99,36.07,766.37,15104.7,2.96,757.44,333.53,3.5,0.0226,204.43,3.76,71.92,32.4,14.47,0.156,341.49,1138.55,349.65,6.42,0.014,0.687,0.0062,0.004,2.58,1000.82,5366.68,8.4,0.012,1.41,0.0109,0.007,1,4.72,0.63,0.32,611.03,21.13,3088.95,3.49,590.27,197.92,290.72,0.0046,1.56,0.087,3.53,2.54,1.08,0.31,0.44
F8323,M,08/07/2009,IS,Non-treated,4,S,M,4.079,24.8,0.055555556,0.096952909,153,1.01,NA,54.81,94694.4,19719.48,111803,849.53,4.73,42.88,782.87,14572.01,2.83,868.21,290.84,3.48,0.0124,279.8,4.42,79.88,32.15,13.33,0.161,352.65,1170.67,365.91,6.64,0.017,0.66,0.0069,0.0052,2.55,987.88,5275.71,8.3,0.0135,1.32,0.012,0.0087,1,0.44,0.63,0.29,573.67,15.89,3240.53,3.42,471.31,144.47,388.52,0.0042,1.47,0.065,3.7,2.49,0.86,0.23,0.59
F8323,M,06/08/2009,IS,Non-treated,4,S,M,3.363,25.1,0.103448276,0.096952909,154,0.97,NA,50.83,164122.4,19878.05,109834.25,857.34,NA,29.24,766.76,13390.18,2.67,1531.73,298.43,3.57,NA,194.2,4.4,74.72,32.37,13.67,0.164,360.78,1195.75,375.17,6.78,0.018,0.6,0.007,0.0057,2.53,985.68,5255.3,8.27,0.0143,1.18,0.0118,0.0093,1,0.43,0.63,0.26,553.45,11.84,3267.58,3.38,432.5,122.73,414.91,0.0037,1.42,0.049,3.73,2.46,0.79,0.19,0.63
F8323,M,30/09/2009,IS,Non-treated,4,S,M,4.127,25.9,0.145454545,0.096952909,190,1.09,NA,74.16,82124.56,25621.19,140463.95,965.42,11.32,32.28,1037.76,16672.15,3.05,599.32,300.78,3.14,0.0235,167.64,4.66,72.75,32.58,12.22,0.166,367.69,1220.97,378.95,6.9,0.018,0.56,0.006,0.0055,2.53,994.79,5313.86,8.33,0.0141,1.09,0.01,0.0088,1,0.59,0.63,0.3,610.57,13.54,2738.8,3.22,653.59,164.71,218.64,0.0044,1.56,0.056,3.13,2.35,1.19,0.26,0.33
F8323,M,26/10/2009,IS,Non-treated,4,S,M,4.201,26.4,0.192307692,0.096952909,185,1.01,NA,54.06,33186.93,24956.71,122692.1,876.33,14.36,31.88,904.92,15055.86,2.54,277.27,335.41,3.27,0.0341,189.54,4.65,75.21,32.33,12.79,0.165,366.11,1218.02,376.31,6.89,0.018,0.569,0.0057,0.0044,2.53,997.55,5338.69,8.38,0.0138,1.09,0.0095,0.0072,0,0.65,0.63,0.31,614.98,15.81,2788.97,3.1,581.98,167.86,181.1,0.0044,1.57,0.065,3.18,2.26,1.06,0.26,0.28
F8323,M,23/11/2009,IS,Non-treated,4,S,M,5.206,27.2,0.285714286,0.096952909,208,1.03,NA,67.35,18513.37,33371.69,172522.39,1017.98,7.06,38.24,1096.27,15677.58,2.25,110,318.97,2.7,0.0119,161.71,4.01,55.7,32.96,10.96,0.163,361.13,1204.64,371.3,6.8,0.018,0.531,0.0056,0.0037,2.53,997.42,5352.66,8.38,0.0139,1.03,0.0096,0.0061,0,1.35,0.63,0.28,623.44,18.36,2888.79,3.36,485.04,155.73,249.83,0.004,1.59,0.076,3.3,2.45,0.88,0.25,0.38
F8323,M,16/12/2009,IS,Non-treated,4,S,M,4.334,27.6,0.173913043,0.096952909,234,1.11,NA,67.27,17313.49,19316.25,162597.76,898.65,1.87,26.84,1044.77,14472.04,2.39,109.15,195.89,2.53,0.0034,120.42,4.05,54.55,32.58,7.87,0.155,344.22,1151.09,356.36,6.5,0.017,0.413,0.0051,0.0031,2.5,990.23,5326.86,8.34,0.0137,0.86,0.009,0.0053,0,1.36,0.63,0.28,619.93,9.7,2766.33,3.14,453.47,155.75,209.63,0.004,1.59,0.04,3.16,2.29,0.83,0.25,0.32
F8323,M,01/02/2010,IS,Non-treated,4,S,M,4.334,28,0.085106383,0.096952909,234,1.07,NA,47.58,20047.97,18878.9,123288.33,908.15,3.41,36.14,857.38,11649.27,2.23,166.69,252.5,3.37,0.0081,213.84,4.39,57.91,30.86,4.53,0.137,308.28,1029.99,320.54,5.8,0.014,0.555,0.0039,0.0022,2.47,985.92,5298.45,8.27,0.0126,1.27,0.0076,0.004,0,0.44,0.63,0.31,700.07,9.92,3409.19,3.47,598.47,213.1,341.1,0.0045,1.79,0.041,3.89,2.52,1.09,0.34,0.52
F8323,M,15/02/2010,IS,Non-treated,4,S,M,4.334,28,0,0.096952909,240,1.09,NA,53.41,53423.4,21194.41,130314.49,1034.68,8.87,33.32,802.24,12465.71,2.37,420.23,268.19,3.63,0.0199,186.51,3.88,58.63,30.62,4.39,0.137,308.85,1030.87,321.39,5.81,0.014,0.639,0.0038,0.0021,2.46,985.23,5290.02,8.27,0.0125,1.49,0.0076,0.0039,0,0.44,0.63,0.32,735.06,10.68,3410.35,3.49,648.98,206.77,343.79,0.0046,1.88,0.044,3.89,2.55,1.18,0.33,0.53
F8323,M,15/03/2010,IS,Non-treated,4,S,M,3.462,28.1,0.035714286,0.096952909,226,1.02,NA,61.8,35657.64,21279.08,138290.33,910.59,9.7,30.34,499.33,7276.11,2.58,264.31,253.73,3.01,0.0205,160.07,2.28,32.25,30.44,5.68,0.139,312.17,1040.64,322.62,5.86,0.014,0.817,0.0041,0.0026,2.48,992,5320.72,8.31,0.0125,1.91,0.0079,0.0051,0,0.73,0.63,0.31,732.76,11.9,3159.39,3.33,694.79,156.91,275.79,0.0045,1.87,0.049,3.61,2.42,1.27,0.25,0.42
F8323,M,19/04/2010,IS,Non-treated,4,S,M,4.079,28.1,0,0.096952909,254,1.14,NA,65.1,120125.11,19619.48,123922.75,942.93,5.55,29.83,778.66,13429.61,3.03,993.65,261.06,3.48,0.0131,175.59,3.96,66.42,30.25,9.03,0.142,317.6,1056.12,327.11,5.96,0.014,1.015,0.0049,0.0037,2.51,995.56,5327.48,8.34,0.0128,2.31,0.0086,0.0069,0,0.6,0.63,0.29,640.43,12.02,3126.22,3.44,753.93,149.61,225.11,0.0042,1.64,0.049,3.57,2.51,1.37,0.24,0.34
F8323,M,28/05/2010,IS,Non-treated,4,S,M,4.721,28.1,0,0.096952909,224,1.01,NA,68.52,13625.74,20723.27,133770.58,1048.93,11.89,21.9,884.85,16114.33,2.96,104.41,255.45,3.59,0.0259,119.41,4.17,73.83,30.9,12.34,0.153,333.34,1104.09,346.22,6.27,0.016,1.204,0.0058,0.0054,2.55,987.36,5261.55,8.3,0.0136,2.59,0.0094,0.0097,1,0.6,0.63,0.33,955.42,12.89,3205.57,3.74,791.17,172.26,160.5,0.0048,2.44,0.053,3.66,2.72,1.44,0.27,0.25
FA72D,F,27/10/2009,EC,Treated,3,NS,M,4.324,34.3,0,0.046948357,444,1.1,0.36,67.41,20700.53,31764.54,140126.74,866.9,18.25,26.45,755.03,14166.27,2.78,151.43,373.79,2.83,0.038,137.72,3.4,61.96,32.33,12.79,0.165,366.11,1218.02,376.31,6.89,0.018,0.569,0.0057,0.0044,2.53,997.55,5338.69,8.38,0.0138,1.09,0.0095,0.0072,0,3.45,1.23,0.22,545.25,10.45,2243.95,2.25,849.07,87.25,281.76,0.0032,1.39,0.043,2.56,1.64,1.55,0.14,0.43
FA72D,F,23/11/2009,EC,Treated,3,NS,M,3.4295,34.4,0.035714286,0.046948357,457,1.12,0.49,55.16,33588.23,23230.17,109930.79,687.25,6.54,27.79,661.82,9510.52,2.9,313.2,348.45,2.86,0.0174,184.41,3.8,53.02,32.96,10.96,0.163,361.13,1204.64,371.3,6.8,0.018,0.531,0.0056,0.0037,2.53,997.42,5352.66,8.38,0.0139,1.03,0.0096,0.0061,0,1.26,1.23,0.24,536.35,8.91,2553.34,2.47,613.16,95.32,102.59,0.0034,1.37,0.037,2.91,1.8,1.12,0.15,0.16
FA72D,F,16/12/2009,EC,Treated,3,NS,M,4.436,34.7,0.130434783,0.046948357,486,1.16,1.74,74.49,30450.18,24266.69,153467.07,898.79,3.01,37.1,628.52,13836,2.8,203.39,260.74,2.68,0.0057,176.36,2.58,55.26,32.58,7.87,0.155,344.22,1151.09,356.36,6.5,0.017,0.413,0.0051,0.0031,2.5,990.23,5326.86,8.34,0.0137,0.86,0.009,0.0053,0.5,1.26,1.23,0.23,536.57,7.91,2634.61,2.31,547.89,109.37,49.86,0.0033,1.37,0.033,3.01,1.68,1,0.17,0.08
FA72D,F,18/01/2010,EC,Treated,3,NS,M,4.428,34.9,0.060606061,0.046948357,505,1.19,3.36,63.87,74192.7,28623.75,153261.23,1070.14,5.31,27.57,507.37,10681.33,2.41,496.23,307.97,3.19,0.0101,131.25,2.09,42.72,31.33,4.67,0.139,313.18,1047.29,325.19,5.89,0.014,0.462,0.0041,0.0024,2.47,987.13,5309.2,8.29,0.0129,1.06,0.0079,0.0044,1,0.56,1.23,0.38,783.38,12.19,2926.73,3.02,604.35,259.37,187.26,0.0054,2,0.05,3.34,2.2,1.1,0.41,0.29
FA72D,F,01/02/2010,EC,Treated,3,NS,M,4.2535,35.2,0.214285714,0.046948357,498,1.14,4.92,74.48,35233.22,37855.49,215621.92,1363.19,8.92,40.21,620.23,14844.59,1.99,167.5,289.5,2.89,0.0121,136.03,1.81,42.2,30.86,4.53,0.137,308.28,1029.99,320.54,5.8,0.014,0.555,0.0039,0.0022,2.47,985.92,5298.45,8.27,0.0126,1.27,0.0076,0.004,1,0.74,1.23,0.3,643.01,11.58,3373.5,3.79,593.89,374.77,314.44,0.0044,1.64,0.048,3.85,2.76,1.08,0.59,0.48
FA72D,F,15/02/2010,EC,Treated,3,NS,M,3.882,35.2,0,0.046948357,522,1.2,6.21,63.85,37972.23,27075.6,166652.77,1125.87,11.08,22.03,484.7,12074.33,2.21,233.56,267.9,3.09,0.0194,96.45,1.83,44.41,30.62,4.39,0.137,308.85,1030.87,321.39,5.81,0.014,0.639,0.0038,0.0021,2.46,985.23,5290.02,8.27,0.0125,1.49,0.0076,0.0039,1,0.74,1.23,0.3,645.46,11.12,3675.16,4.25,566.42,425.14,382.22,0.0044,1.65,0.046,4.2,3.09,1.03,0.67,0.58
FA72D,F,15/03/2010,EC,Treated,3,NS,M,4.359,35.3,0.035714286,0.046948357,501,1.14,8.36,67.9,45108.49,27632.43,165542.54,1482.62,9.49,41.22,645.83,12403.59,2.37,279.32,275.25,4.1,0.0167,181.66,2.46,45.92,30.44,5.68,0.139,312.17,1040.64,322.62,5.86,0.014,0.817,0.0041,0.0026,2.48,992,5320.72,8.31,0.0125,1.91,0.0079,0.0051,1,1.62,1.23,0.29,678.48,10.95,3358.06,3.4,684.67,220.12,189.43,0.0042,1.74,0.045,3.83,2.48,1.25,0.35,0.29
FA72D,F,19/04/2010,EC,Treated,3,NS,M,3.807,35.3,0,0.046948357,521,1.18,10.82,57.68,23682.76,26891.43,142188.59,1121.51,7.99,37.04,564.35,13391.3,2.34,170.73,311.86,3.61,0.0164,190.04,2.5,57.72,30.25,9.03,0.142,317.6,1056.12,327.11,5.96,0.014,1.015,0.0049,0.0037,2.51,995.56,5327.48,8.34,0.0128,2.31,0.0086,0.0069,1,4.16,1.23,0.28,730.94,14.75,3544.29,3.43,1362.09,134.63,68.54,0.004,1.87,0.061,4.05,2.5,2.48,0.21,0.1
FA72D,F,28/05/2010,EC,Treated,3,NS,M,3.289,35.3,0,0.046948357,514,1.17,11.73,68.6,34169.03,22088.34,126194.31,957.18,9.02,19.79,477.3,12532.6,3.14,277.55,288.62,3.47,0.0209,114.4,2.39,60.87,30.9,12.34,0.153,333.34,1104.09,346.22,6.27,0.016,1.204,0.0058,0.0054,2.55,987.36,5261.55,8.3,0.0136,2.59,0.0094,0.0097,0,0.41,1.23,0.26,686.01,14.95,3062.24,3.09,1466.35,116.42,446.7,0.0038,1.75,0.062,3.5,2.25,2.67,0.18,0.68
FBE38,M,02/06/2009,IS,Non-treated,5,S,M,3.986,21.4,0,0.141274238,99,1.01,NA,52.32,24561.32,39716.29,129712.69,1073.14,8.51,12.06,639.78,12621.64,2.33,194.1,504.89,3.78,0.0191,67.85,3.11,59.64,32.4,14.47,0.156,341.49,1138.55,349.65,6.42,0.014,0.687,0.0062,0.004,2.58,1000.82,5366.68,8.4,0.012,1.41,0.0109,0.007,1,0.82,0.61,0.24,627.84,9.67,3269.84,2.99,624.27,183.8,205.94,0.0034,1.61,0.04,3.73,2.17,1.14,0.29,0.31
FBE38,M,19/08/2009,IS,Non-treated,5,S,M,5.128,22.7,0.166666667,0.141274238,120,1.03,NA,66.47,61170.11,30707.28,141543.02,952.51,23.65,24.49,920.93,15503.8,2.71,443,357.74,3.08,0.0488,126.21,4.1,67.13,32.67,13.92,0.165,364.28,1207.02,378.17,6.84,0.019,0.566,0.0069,0.0058,2.52,987.46,5263.22,8.27,0.0145,1.11,0.0114,0.0095,0,0.38,0.61,0.25,656.16,9.34,2443.78,2.64,383.62,125.78,134.57,0.0035,1.68,0.038,2.79,1.92,0.7,0.2,0.21
FBE38,M,30/09/2009,IS,Non-treated,5,S,M,4.181,23.4,0.166666667,0.141274238,143,1.12,NA,61.79,50119.85,22609.01,123640.53,780.72,2.59,36.32,794.92,11825.23,2.89,416.25,302.19,2.9,0.0061,214.3,4.05,58.64,32.58,12.22,0.166,367.69,1220.97,378.95,6.9,0.018,0.56,0.006,0.0055,2.53,994.79,5313.86,8.33,0.0141,1.09,0.01,0.0088,0,0.94,0.61,0.24,631.63,9.24,2292.79,2.44,385.15,153.27,179.66,0.0035,1.62,0.038,2.62,1.78,0.7,0.24,0.27
FBE38,M,26/10/2009,IS,Non-treated,5,S,M,4.139,23.8,0.153846154,0.141274238,145,1.08,NA,69.75,50223.75,24566.52,154987.28,780.36,10.01,19.61,777.72,13193.27,2.6,332.17,261.37,2.3,0.0188,92.29,3.16,52.17,32.33,12.79,0.165,366.11,1218.02,376.31,6.89,0.018,0.569,0.0057,0.0044,2.53,997.55,5338.69,8.38,0.0138,1.09,0.0095,0.0072,0,0.45,0.61,0.29,714.66,10.04,2237.78,2.43,403.3,164.08,200.25,0.0041,1.83,0.041,2.55,1.77,0.73,0.26,0.31
FBE38,M,23/11/2009,IS,Non-treated,5,S,M,4.057,24.9,0.392857143,0.141274238,172,1.11,NA,61.89,33116.33,23214.09,142793.73,706.32,7.66,28.22,856.57,13100.26,2.5,237.73,268.07,2.26,0.0157,144.15,3.78,56.23,32.96,10.96,0.163,361.13,1204.64,371.3,6.8,0.018,0.531,0.0056,0.0037,2.53,997.42,5352.66,8.38,0.0139,1.03,0.0096,0.0061,1,0.45,0.61,0.31,755.1,11.12,2264.17,2.43,438.62,178.67,210.42,0.0045,1.93,0.046,2.58,1.77,0.8,0.28,0.32
FBE38,M,16/12/2009,IS,Non-treated,5,S,M,6.274,25.6,0.304347826,0.141274238,193,1.15,NA,64.3,44803.1,26981.41,146194.17,812.01,1.98,23.5,897.77,13912.74,2.54,314.14,304.33,2.54,0.0039,117.25,3.87,58.33,32.58,7.87,0.155,344.22,1151.09,356.36,6.5,0.017,0.413,0.0051,0.0031,2.5,990.23,5326.86,8.34,0.0137,0.86,0.009,0.0053,1,0.45,0.61,0.32,714.46,10.11,2333.1,2.45,461.35,189.89,209.87,0.0046,1.83,0.042,2.66,1.79,0.84,0.3,0.32
FBE38,M,18/01/2010,IS,Non-treated,5,S,M,5.183,25.8,0.060606061,0.141274238,184,1.07,NA,57.03,16492.12,28169.05,163554.98,809.44,16.73,32.41,864.36,13055.78,2.01,103.36,284,2.26,0.0299,144.55,3.33,48.93,31.33,4.67,0.139,313.18,1047.29,325.19,5.89,0.014,0.462,0.0041,0.0024,2.47,987.13,5309.2,8.29,0.0129,1.06,0.0079,0.0044,1,0.45,0.61,0.31,686.13,8.9,2492.43,2.49,436.29,195.78,197.59,0.0045,1.75,0.037,2.85,1.81,0.79,0.31,0.3
FBE38,M,15/02/2010,IS,Non-treated,5,S,M,4.3205,26,0.071428571,0.141274238,188,1.07,NA,50.93,13315.65,19471.91,130597.69,756.35,45.19,25.14,621.21,10399.08,2.25,104.51,245.86,2.65,0.101,140.42,3,48.8,30.62,4.39,0.137,308.85,1030.87,321.39,5.81,0.014,0.639,0.0038,0.0021,2.46,985.23,5290.02,8.27,0.0125,1.49,0.0076,0.0039,0,0.45,0.61,0.3,706.95,8.56,2683.68,2.55,381.16,192.61,188.7,0.0043,1.81,0.035,3.06,1.86,0.69,0.3,0.29
FBE38,M,15/03/2010,IS,Non-treated,5,S,M,4.548,26,0,0.141274238,188,1.07,NA,61.99,13348.22,19392.59,168783.14,891.08,9.39,24.65,731.95,12677.48,2.12,81.07,189.46,2.41,0.0162,106.54,2.74,46.04,30.44,5.68,0.139,312.17,1040.64,322.62,5.86,0.014,0.817,0.0041,0.0026,2.48,992,5320.72,8.31,0.0125,1.91,0.0079,0.0051,0.5,0.6,0.61,0.31,725.85,10.47,2756.76,2.61,357.31,180.2,170,0.0044,1.86,0.043,3.15,1.9,0.65,0.28,0.26
FBE38,M,19/04/2010,IS,Non-treated,5,S,M,3.783,26.3,0.085714286,0.141274238,194,1.07,NA,53.31,36186.91,21386.35,122031.48,764.22,6.42,24,660.76,11532.35,2.52,303.97,288.98,2.86,0.0154,143.47,3.42,57.92,30.25,9.03,0.142,317.6,1056.12,327.11,5.96,0.014,1.015,0.0049,0.0037,2.51,995.56,5327.48,8.34,0.0128,2.31,0.0086,0.0069,0.5,0.6,0.61,0.27,685.31,10.6,2658.58,2.68,383.62,150.49,127.64,0.0038,1.75,0.044,3.03,1.95,0.7,0.24,0.2
FBE38,M,28/05/2010,IS,Non-treated,5,S,M,3.832,26.5,0.051282051,0.141274238,194,1.04,NA,63.16,23773.65,31581.12,147174.58,1104,7.12,16.59,711.41,14062.64,2.48,165.58,353.84,3.43,0.0141,82.23,3.05,58.56,30.9,12.34,0.153,333.34,1104.09,346.22,6.27,0.016,1.204,0.0058,0.0054,2.55,987.36,5261.55,8.3,0.0136,2.59,0.0094,0.0097,0,0.61,0.61,0.23,617.58,11.45,2519.12,2.73,418.23,123.47,87.22,0.0033,1.58,0.047,2.88,1.99,0.76,0.19,0.13
FC507,M,02/06/2009,IS,Treated,4,S,M,3.199,24,0,0.105263158,126,0.91,NA,69.23,33517.16,39724.91,125131.36,991.42,8.67,12,591.09,18228.86,3.19,274.57,523.49,3.62,0.0202,69.95,2.98,89.29,32.4,14.47,0.156,341.49,1138.55,349.65,6.42,0.014,0.687,0.0062,0.004,2.58,1000.82,5366.68,8.4,0.012,1.41,0.0109,0.007,1,0.8,1.04,0.28,767.09,17.97,3132.94,3.05,1800.62,355.72,167.34,0.0041,1.96,0.074,3.58,2.22,3.28,0.56,0.26
FC507,M,21/07/2009,IS,Treated,4,S,M,3.142,24.4,0.081632653,0.105263158,134,0.92,NA,60.45,56541.18,22335.98,123433.23,810.12,3.91,9.91,581.56,13884.18,2.83,469.55,298.39,3,0.0093,58.56,2.97,68.94,32.16,13.19,0.163,356.4,1182.06,370.53,6.71,0.018,0.635,0.007,0.0055,2.54,985.91,5260.36,8.28,0.0139,1.26,0.0121,0.009,0,0.8,1.04,0.21,537.87,12.27,2806.32,2.99,844.02,263.31,285.75,0.003,1.38,0.05,3.2,2.18,1.54,0.41,0.44
FC507,M,19/08/2009,IS,Treated,4,S,M,3.936,24.5,0.034482759,0.105263158,147,1,NA,65.05,28486.04,30312.37,142150.41,908.08,10.57,16.64,815.63,16787.48,2.64,205.42,351.63,2.92,0.0217,85.38,3.62,72.38,32.67,13.92,0.165,364.28,1207.02,378.17,6.84,0.019,0.566,0.0069,0.0058,2.52,987.46,5263.22,8.27,0.0145,1.11,0.0114,0.0095,0,0.8,1.04,0.23,585.81,13.62,2678.98,2.9,717.89,245.01,312.75,0.0033,1.5,0.056,3.06,2.11,1.31,0.39,0.48
FC507,M,30/09/2009,IS,Treated,4,S,M,5.071,25.1,0.142857143,0.105263158,168,1.06,NA,69.56,61178.72,23943.65,119274.76,722.17,10.85,7.8,792.4,14574.1,3.37,525.78,331.02,2.77,0.0266,47.73,4.19,74.89,32.58,12.22,0.166,367.69,1220.97,378.95,6.9,0.018,0.56,0.006,0.0055,2.53,994.79,5313.86,8.33,0.0141,1.09,0.01,0.0088,0,0.8,1.04,0.24,590.58,15.33,2552.85,2.72,794.57,201.27,225.81,0.0035,1.51,0.063,2.91,1.98,1.45,0.32,0.35
FC507,M,26/10/2009,IS,Treated,4,S,M,3.224,25.3,0.076923077,0.105263158,181,1.12,NA,74.17,53154.3,27135.59,138074.8,868.56,4.77,21.52,951.31,13635.56,3.1,394.62,324.07,2.88,0.0101,113.69,4.35,60.53,32.33,12.79,0.165,366.11,1218.02,376.31,6.89,0.018,0.569,0.0057,0.0044,2.53,997.55,5338.69,8.38,0.0138,1.09,0.0095,0.0072,0,0.8,1.04,0.21,533.65,13.4,2550.62,2.62,838.9,170.72,209.69,0.003,1.36,0.055,2.91,1.91,1.53,0.27,0.32
FC507,M,23/11/2009,IS,Treated,4,S,M,3.958,25.7,0.142857143,0.105263158,199,1.17,NA,68.91,63302.49,26169.54,129874.93,764.39,7.75,26.46,1062.91,14995.44,3.06,499.63,332.26,2.69,0.0174,148.63,5.16,70.77,32.96,10.96,0.163,361.13,1204.64,371.3,6.8,0.018,0.531,0.0056,0.0037,2.53,997.42,5352.66,8.38,0.0139,1.03,0.0096,0.0061,0,0.8,1.04,0.19,505.12,10.58,2588.63,2.5,762.11,159.13,188.88,0.0027,1.29,0.044,2.96,1.82,1.39,0.25,0.29
FC507,M,16/12/2009,IS,Treated,4,S,M,5.274,26.3,0.260869565,0.105263158,223,1.23,NA,58.71,13069.09,21688.04,135773.88,750.8,2.23,29.15,1236.77,14210.72,2.5,98.67,263.4,2.53,0.0048,156.63,5.74,64.15,32.58,7.87,0.155,344.22,1151.09,356.36,6.5,0.017,0.413,0.0051,0.0031,2.5,990.23,5326.86,8.34,0.0137,0.86,0.009,0.0053,0,0.8,1.04,0.23,525.52,11.53,2687.38,2.46,593.94,187.71,159.95,0.0034,1.34,0.047,3.07,1.79,1.08,0.3,0.24
FC507,M,01/02/2010,IS,Treated,4,S,M,3.853,26.7,0.085106383,0.105263158,216,1.13,NA,67.62,17113.85,23570.68,133027.29,878.78,32.8,23.35,899.87,12827.69,2.94,131.87,292.17,3.02,0.072,128.07,4.27,59.1,30.86,4.53,0.137,308.28,1029.99,320.54,5.8,0.014,0.555,0.0039,0.0022,2.47,985.92,5298.45,8.27,0.0126,1.27,0.0076,0.004,1,0.93,1.04,0.34,683.44,20.64,3003.73,2.61,603.14,228.42,203.26,0.0049,1.75,0.085,3.43,1.9,1.1,0.36,0.31
FC507,M,15/03/2010,IS,Treated,4,S,M,4.079,27.3,0.142857143,0.105263158,224,1.1,NA,53.08,10197.51,20247.53,122493.27,765.8,5.49,24.43,911.71,13663.69,2.5,85.34,272.57,2.86,0.0131,145.47,4.69,68.37,30.44,5.68,0.139,312.17,1040.64,322.62,5.86,0.014,0.817,0.0041,0.0026,2.48,992,5320.72,8.31,0.0125,1.91,0.0079,0.0051,1,1.42,1.04,0.33,718.71,17.51,2901.26,2.55,1613.94,153.08,191.1,0.0048,1.84,0.072,3.31,1.85,2.94,0.24,0.29
FC507,M,19/04/2010,IS,Treated,4,S,M,4.425,27.5,0.057142857,0.105263158,243,1.17,NA,60.44,15356.06,34558.42,136641.55,885.16,11.95,25.88,798.21,12612.12,2.56,115.17,417.14,2.96,0.0255,138.14,3.68,56.56,30.25,9.03,0.142,317.6,1056.12,327.11,5.96,0.014,1.015,0.0049,0.0037,2.51,995.56,5327.48,8.34,0.0128,2.31,0.0086,0.0069,0,1.57,1.04,0.31,692.93,19.87,2798.65,2.39,1595.69,221.18,257.55,0.0045,1.77,0.082,3.19,1.74,2.91,0.35,0.39
FC507,M,28/05/2010,IS,Treated,4,S,M,4.351,27.8,0.076923077,0.105263158,242,1.13,NA,75.41,10918.49,26312.52,134837.41,868.72,11.07,11.36,820.79,14184.74,3.23,83,321.78,2.95,0.024,61.45,3.84,64.48,30.9,12.34,0.153,333.34,1104.09,346.22,6.27,0.016,1.204,0.0058,0.0054,2.55,987.36,5261.55,8.3,0.0136,2.59,0.0094,0.0097,0,1.57,1.04,0.26,650.69,26.54,2541.08,2.38,1437.84,129.66,178.59,0.0037,1.66,0.109,2.9,1.74,2.62,0.2,0.27
FC5B1,F,27/10/2009,EC,Non-treated,3,NS,IM,2.815,31.9,0,0.126760563,312,0.96,0.44,69.18,64833.64,27331.78,107310,780.26,5.6,7.73,724.35,13410.91,3.72,619.32,419.99,3.33,0.0152,52.56,4.26,76.6,32.33,12.79,0.165,366.11,1218.02,376.31,6.89,0.018,0.569,0.0057,0.0044,2.53,997.55,5338.69,8.38,0.0138,1.09,0.0095,0.0072,0,1.11,1.29,0.32,685.21,11.13,2785.35,2.27,312.81,148.24,166.76,0.0047,1.75,0.046,3.18,1.65,0.57,0.23,0.25
FC5B1,F,23/11/2009,EC,Non-treated,3,NS,IM,2.157666667,31.9,0,0.126760563,303,0.93,0.45,62.67,92066.37,21351.9,103277.98,628.99,7.51,28.22,496.68,8948.04,3.51,914.97,341.4,2.79,0.0212,199.55,3.04,53.13,32.96,10.96,0.163,361.13,1204.64,371.3,6.8,0.018,0.531,0.0056,0.0037,2.53,997.42,5352.66,8.38,0.0139,1.03,0.0096,0.0061,1,0.8,1.29,0.38,748.64,15.24,3270.31,3.33,674.23,340.35,302.42,0.0054,1.91,0.063,3.73,2.43,1.23,0.54,0.46
FC5B1,F,16/12/2009,EC,Non-treated,3,NS,IM,2.704,31.9,0,0.126760563,319,0.98,0.43,77.23,101035.02,15549.37,106980.19,661.19,4,34.06,473.45,9248.19,4.17,968.1,239.67,2.83,0.0109,232.29,2.79,52.98,32.58,7.87,0.155,344.22,1151.09,356.36,6.5,0.017,0.413,0.0051,0.0031,2.5,990.23,5326.86,8.34,0.0137,0.86,0.009,0.0053,1,0.71,1.29,0.34,755.79,13.82,3457.74,3.6,759.78,335.64,366.67,0.0048,1.93,0.057,3.95,2.62,1.38,0.53,0.56
FC5B1,F,18/01/2010,EC,Non-treated,3,NS,IM,2.532666667,32.1,0.060606061,0.126760563,359,1.09,0.41,56.35,96281.31,18325.39,99519.82,691.96,6.66,15.84,354.99,7594.69,3.27,991.71,303.64,3.18,0.0195,116.15,2.25,46.77,31.33,4.67,0.139,313.18,1047.29,325.19,5.89,0.014,0.462,0.0041,0.0024,2.47,987.13,5309.2,8.29,0.0129,1.06,0.0079,0.0044,1,1.72,1.29,0.34,845.89,14.52,2978.23,3.43,1396.17,217.28,164.56,0.0049,2.16,0.06,3.4,2.5,2.54,0.34,0.25
FC5B1,F,01/02/2010,EC,Non-treated,3,NS,IM,2.237,32.5,0.285714286,0.126760563,340,0.99,0.41,64.5,95271.33,16121.97,113597.55,744.93,20.73,17.38,421.72,9123.66,3.28,859.7,234.02,3,0.0533,111.61,2.34,49.23,30.86,4.53,0.137,308.28,1029.99,320.54,5.8,0.014,0.555,0.0039,0.0022,2.47,985.92,5298.45,8.27,0.0126,1.27,0.0076,0.004,1,1.72,1.29,0.35,948.32,18.83,2723.92,3.34,1807.19,186.98,81.93,0.005,2.43,0.077,3.11,2.43,3.29,0.29,0.13
FC5B1,F,15/02/2010,EC,Non-treated,3,NS,IM,2.968,32.6,0.071428571,0.126760563,371,1.07,0.4,54.02,86492.19,19621.07,101664.99,762.95,18.02,15.3,378.52,9186.72,3.07,872.08,318.25,3.43,0.0517,109.82,2.35,55.38,30.62,4.39,0.137,308.85,1030.87,321.39,5.81,0.014,0.639,0.0038,0.0021,2.46,985.23,5290.02,8.27,0.0125,1.49,0.0076,0.0039,1,1.29,1.29,0.35,1004.03,19.84,2657.83,3.32,2385.6,175.69,59.62,0.005,2.57,0.082,3.03,2.42,4.35,0.28,0.09
FC5B1,F,15/03/2010,EC,Non-treated,3,NS,IM,2.993,32.9,0.107142857,0.126760563,384,1.08,0.38,46.17,24221.44,18122.72,104742.19,645.38,25.87,31.99,401.73,9542.19,2.54,237.05,285.09,2.82,0.0722,222.81,2.42,55.85,30.44,5.68,0.139,312.17,1040.64,322.62,5.86,0.014,0.817,0.0041,0.0026,2.48,992,5320.72,8.31,0.0125,1.91,0.0079,0.0051,1,1.71,1.29,0.31,944.2,17.68,2572.27,3.07,2702.04,138.83,177.18,0.0045,2.41,0.073,2.94,2.24,4.92,0.22,0.27
FC5B1,F,19/04/2010,EC,Non-treated,3,NS,IM,3.857,33.8,0.257142857,0.126760563,417,1.08,0.34,65.81,17981.08,26743.5,139052.37,805.72,9.7,37.59,562.59,13890.17,2.73,132.55,317.14,2.65,0.0204,197.21,2.55,61.22,30.25,9.03,0.142,317.6,1056.12,327.11,5.96,0.014,1.015,0.0049,0.0037,2.51,995.56,5327.48,8.34,0.0128,2.31,0.0086,0.0069,1,0.71,1.29,0.33,1027.31,21.17,2518.47,3.1,2939.61,203.89,293.13,0.0048,2.63,0.087,2.87,2.26,5.35,0.32,0.45
FC5B1,F,28/05/2010,EC,Non-treated,3,NS,IM,3.635,34.6,0.205128205,0.126760563,438,1.06,0.33,61.19,24213.22,25578.02,161367.17,989.49,6.48,33.14,752.31,15104.84,2.19,153.81,261.37,2.8,0.0117,149.83,2.94,57.37,30.9,12.34,0.153,333.34,1104.09,346.22,6.27,0.016,1.204,0.0058,0.0054,2.55,987.36,5261.55,8.3,0.0136,2.59,0.0094,0.0097,0,3.13,1.29,0.36,1056.42,24.91,2286.43,2.31,2198.22,151.16,199.59,0.0051,2.7,0.103,2.61,1.68,4,0.24,0.31
FCDD8,F,02/06/2009,IS,Non-treated,5,S,M,3.631,28.7,0,0.03601108,198,0.84,2.79,66.32,52689.67,28499.09,141040.13,1198.67,8.12,18.45,799.04,14070.85,2.72,382.94,333.2,3.89,0.0168,95.44,3.57,61.15,32.4,14.47,0.156,341.49,1138.55,349.65,6.42,0.014,0.687,0.0062,0.004,2.58,1000.82,5366.68,8.4,0.012,1.41,0.0109,0.007,0,0.12,0.34,0.16,472.88,8.88,4454.78,4.45,359.04,219.04,65.71,0.0023,1.21,0.037,5.09,3.24,0.65,0.34,0.1
FCDD8,F,08/07/2009,IS,Non-treated,5,S,M,3.363,29,0.083333333,0.03601108,208,0.85,1.93,77.24,48416.33,22653.92,122776.38,1081.89,7.87,52.48,652.37,13103.82,3.6,404.17,305.6,4.05,0.0188,312.32,3.36,65.43,32.15,13.33,0.161,352.65,1170.67,365.91,6.64,0.017,0.66,0.0069,0.0052,2.55,987.88,5275.71,8.3,0.0135,1.32,0.012,0.0087,0,0.12,0.34,0.16,479.99,7.67,4066.35,4.35,436.91,191.84,194.13,0.0023,1.23,0.032,4.64,3.17,0.8,0.3,0.3
FCDD8,F,06/08/2009,IS,Non-treated,5,S,M,3.936,29,0,0.03601108,211,0.87,1.95,52.86,79155.99,23278.24,122559.57,1131.9,2.21,40.34,741.25,12121.39,2.49,662.05,313.19,4.22,0.0053,240.14,3.81,60.62,32.37,13.67,0.164,360.78,1195.75,375.17,6.78,0.018,0.6,0.007,0.0057,2.53,985.68,5255.3,8.27,0.0143,1.18,0.0118,0.0093,0,0.12,0.34,0.16,485.91,7.26,3826.47,4.29,475.59,171.11,246.16,0.0024,1.24,0.03,4.37,3.12,0.87,0.27,0.38
FCDD8,F,30/09/2009,IS,Non-treated,5,S,M,4.626,29,0,0.03601108,245,1,3.03,73.92,49826.27,21510.62,147758.25,1243.74,4.61,32.85,819.4,12220.86,2.89,345.67,240.06,3.85,0.0091,162.18,3.5,50.69,32.58,12.22,0.166,367.69,1220.97,378.95,6.9,0.018,0.56,0.006,0.0055,2.53,994.79,5313.86,8.33,0.0141,1.09,0.01,0.0088,0,0.31,0.34,0.17,497.73,8.09,3581.44,4.26,477.97,133.76,199.36,0.0025,1.27,0.033,4.09,3.1,0.87,0.21,0.3
FCDD8,F,26/10/2009,IS,Non-treated,5,S,M,3.574333333,29.1,0.038461538,0.03601108,241,0.98,3.15,57.01,45523.88,27680.75,133778.88,1212.13,7.64,28.67,732.95,10234.1,2.46,348.82,341.19,4.14,0.0167,156.32,3.46,46.89,32.33,12.79,0.165,366.11,1218.02,376.31,6.89,0.018,0.569,0.0057,0.0044,2.53,997.55,5338.69,8.38,0.0138,1.09,0.0095,0.0072,0,0.15,0.34,0.17,486.02,8.42,3492.76,4.14,473.26,118.96,153.4,0.0025,1.24,0.035,3.99,3.01,0.86,0.19,0.23
FCDD8,F,23/11/2009,IS,Non-treated,5,S,M,4.082,29.5,0.142857143,0.03601108,270,1.05,5.16,63.43,28004.02,24166.31,166047.6,1340.68,6.95,52.98,783.12,10634.86,2.21,172.88,239.99,3.69,0.0122,232.74,2.97,39.25,32.96,10.96,0.163,361.13,1204.64,371.3,6.8,0.018,0.531,0.0056,0.0037,2.53,997.42,5352.66,8.38,0.0139,1.03,0.0096,0.0061,0,0.15,0.34,0.16,440.66,7.9,3257.45,3.49,505.32,97.23,131.21,0.0023,1.13,0.032,3.72,2.54,0.92,0.15,0.2
FCDD8,F,16/12/2009,IS,Non-treated,5,S,M,4.274,29.9,0.173913043,0.03601108,320,1.2,12.48,72.48,23308.97,29496.29,194552.45,1480.56,7.84,38.98,801.79,11607.19,2.15,122.81,250,3.48,0.0118,146.18,2.6,36.57,32.58,7.87,0.155,344.22,1151.09,356.36,6.5,0.017,0.413,0.0051,0.0031,2.5,990.23,5326.86,8.34,0.0137,0.86,0.009,0.0053,0,0.15,0.34,0.15,413.69,7.42,3110.32,3.03,531.48,89.32,120.86,0.0021,1.06,0.031,3.55,2.21,0.97,0.14,0.18
FCDD8,F,18/01/2010,IS,Non-treated,5,S,M,4.018,30,0.03030303,0.03601108,319,1.18,15.67,58.07,32778.74,26929.13,182350.14,1547.56,9.15,39.28,586.56,8926.43,1.84,184.19,243.39,3.88,0.0146,157.2,2.03,29.98,31.33,4.67,0.139,313.18,1047.29,325.19,5.89,0.014,0.462,0.0041,0.0024,2.47,987.13,5309.2,8.29,0.0129,1.06,0.0079,0.0044,0,0.57,0.34,0.17,491.63,8.45,3368.64,3.79,508.03,137.41,111.06,0.0025,1.26,0.035,3.85,2.76,0.93,0.22,0.17
FCDD8,F,01/02/2010,IS,Non-treated,5,S,M,4.076666667,30,0,0.03601108,320,1.19,18.11,56.92,45015.84,19135.07,159258.8,1486.58,10.39,31.74,556.87,8465.28,2.06,289.74,198.12,4.27,0.019,145.38,2.21,32.58,30.86,4.53,0.137,308.28,1029.99,320.54,5.8,0.014,0.555,0.0039,0.0022,2.47,985.92,5298.45,8.27,0.0126,1.27,0.0076,0.004,0,0.57,0.34,0.19,526.76,9.06,3537.31,4.29,487.01,165.61,108.69,0.0027,1.35,0.037,4.04,3.13,0.89,0.26,0.17
FCDD8,F,15/02/2010,IS,Non-treated,5,S,M,4.199,30,0,0.03601108,346,1.28,22.65,58.72,17184.84,22577.55,167425.84,1591.18,13.81,49.31,741.26,11831.05,2.03,105.21,222.36,4.35,0.0241,214.87,2.79,43.31,30.62,4.39,0.137,308.85,1030.87,321.39,5.81,0.014,0.639,0.0038,0.0021,2.46,985.23,5290.02,8.27,0.0125,1.49,0.0076,0.0039,0,0.2,0.34,0.2,541.3,9.63,3623.74,4.56,469.24,183.53,106.77,0.0029,1.38,0.04,4.14,3.32,0.85,0.29,0.16
FCDD8,F,15/03/2010,IS,Non-treated,5,S,M,4.277,30,0,0.03601108,297,1.1,5.5,54.93,46232.19,24500.61,151050.32,1316.17,9.02,34.02,705.97,12038.99,2.1,313.74,267.46,3.99,0.0174,164.32,2.95,48.85,30.44,5.68,0.139,312.17,1040.64,322.62,5.86,0.014,0.817,0.0041,0.0026,2.48,992,5320.72,8.31,0.0125,1.91,0.0079,0.0051,0,0.2,0.34,0.22,529.55,10.23,3657.09,4.7,434.92,202.23,105.04,0.0032,1.35,0.042,4.17,3.42,0.79,0.32,0.16
FCDD8,F,19/04/2010,IS,Non-treated,5,S,M,3.7535,30,0,0.03601108,280,1.04,2.4,66.67,25275.16,27791.79,161393.51,1114.58,5.62,27.52,885.54,13468.06,2.39,160.53,283.95,3.16,0.0102,124.38,3.46,51.15,30.25,9.03,0.142,317.6,1056.12,327.11,5.96,0.014,1.015,0.0049,0.0037,2.51,995.56,5327.48,8.34,0.0128,2.31,0.0086,0.0069,0,0.36,0.34,0.23,540.91,9.29,3437.55,4.13,394.32,193.55,106.81,0.0033,1.38,0.038,3.92,3.01,0.72,0.3,0.16
FCDD8,F,28/05/2010,IS,Non-treated,5,S,M,4.1725,30,0,0.03601108,278,1.03,1.97,67.9,12752.8,24643.74,154869.57,1122.33,7.62,26.26,1042.39,16201.37,2.53,84.41,262.39,3.31,0.0144,123.71,4.25,64.12,30.9,12.34,0.153,333.34,1104.09,346.22,6.27,0.016,1.204,0.0058,0.0054,2.55,987.36,5261.55,8.3,0.0136,2.59,0.0094,0.0097,0,0.36,0.34,0.22,571.87,9.73,NA,NA,NA,NA,NA,0.0032,1.46,0.04,NA,NA,NA,NA,NA
FD97D,M,02/06/2009,IS,Non-treated,4,S,M,2.956,21.1,0,0.052631579,77,0.81,NA,61.89,79784.73,32818.84,105989.38,1067.07,11.77,9.05,408.98,11049.49,3.37,771.63,510.59,4.61,0.0324,62.32,2.43,63.9,32.4,14.47,0.156,341.49,1138.55,349.65,6.42,0.014,0.687,0.0062,0.004,2.58,1000.82,5366.68,8.4,0.012,1.41,0.0109,0.007,0,0.22,0.51,0.24,586.92,10.47,3756.11,3.39,435.47,179.92,152.85,0.0034,1.5,0.043,4.29,2.47,0.79,0.28,0.23
FD97D,M,08/07/2009,IS,Non-treated,4,S,M,2.956,21.1,0,0.052631579,82,0.87,NA,65.73,28208.98,27137.18,111729.76,1159.84,9.22,14.6,485.34,12217.77,3.4,258.8,400.5,4.75,0.0241,95.3,2.74,67.02,32.15,13.33,0.161,352.65,1170.67,365.91,6.64,0.017,0.66,0.0069,0.0052,2.55,987.88,5275.71,8.3,0.0135,1.32,0.012,0.0087,0,0.22,0.51,0.22,592.89,8.51,3788.7,3.31,421.75,215.57,340.72,0.0032,1.52,0.035,4.33,2.41,0.77,0.34,0.52
FD97D,M,06/08/2009,IS,Non-treated,4,S,M,2.64,21.4,0.103448276,0.052631579,69,0.7,NA,57.24,130504.29,24227.74,115827.65,1089.46,46.78,16.75,641.94,12554.69,2.85,1154.95,344.91,4.3,0.1179,105.5,3.5,66.43,32.37,13.67,0.164,360.78,1195.75,375.17,6.78,0.018,0.6,0.007,0.0057,2.53,985.68,5255.3,8.27,0.0143,1.18,0.0118,0.0093,0,0.22,0.51,0.22,602.6,8.32,3342.02,3.2,431.44,171.82,155.26,0.0032,1.54,0.034,3.82,2.33,0.79,0.27,0.24
FD97D,M,26/10/2009,IS,Non-treated,4,S,M,3.224,21.6,0.024691358,0.052631579,90,0.89,NA,58.45,54173.81,28860.05,121373.05,1091.32,15.15,12.83,752.09,13678.92,2.78,457.53,392.09,4.11,0.0364,77.1,3.91,69.08,32.33,12.79,0.165,366.11,1218.02,376.31,6.89,0.018,0.569,0.0057,0.0044,2.53,997.55,5338.69,8.38,0.0138,1.09,0.0095,0.0072,1,1.09,0.51,0.27,673.07,7.52,3191.91,2.84,335.97,154.03,142.99,0.0039,1.72,0.031,3.64,2.07,0.61,0.24,0.22
FD97D,M,23/11/2009,IS,Non-treated,4,S,M,3.932,22.1,0.178571429,0.052631579,103,0.95,NA,47.83,69122.21,25754.58,109866.38,859.69,12.53,12.4,761.84,10590.99,2.51,644.92,386.54,3.58,0.0333,82.37,4.37,59.08,32.96,10.96,0.163,361.13,1204.64,371.3,6.8,0.018,0.531,0.0056,0.0037,2.53,997.42,5352.66,8.38,0.0139,1.03,0.0096,0.0061,1,0.16,0.51,0.28,692.84,6.72,3225.83,2.69,265.58,129.4,145.18,0.004,1.77,0.028,3.68,1.96,0.48,0.2,0.22
FD97D,M,16/12/2009,IS,Non-treated,4,S,M,3.809,22.3,0.086956522,0.052631579,115,1.04,NA,68,22016.66,37432.32,146108.42,1176.93,4.16,12.39,957.04,13612.35,2.69,154.46,422.46,3.68,0.0083,61.88,4.13,57.1,32.58,7.87,0.155,344.22,1151.09,356.36,6.5,0.017,0.413,0.0051,0.0031,2.5,990.23,5326.86,8.34,0.0137,0.86,0.009,0.0053,1,0.16,0.51,0.28,708.23,6.31,3310.05,3.05,195.05,134.71,170.61,0.0041,1.81,0.026,3.78,2.22,0.36,0.21,0.26
FD97D,M,18/01/2010,IS,Non-treated,4,S,M,3.347666667,22.6,0.090909091,0.052631579,114,0.99,NA,62.16,20327.55,27022.31,131298.7,1047.05,7.17,15.03,709.94,11430.76,2.73,158.7,339.37,3.65,0.0159,83.48,3.41,53.36,31.33,4.67,0.139,313.18,1047.29,325.19,5.89,0.014,0.462,0.0041,0.0024,2.47,987.13,5309.2,8.29,0.0129,1.06,0.0079,0.0044,1,0.32,0.51,0.3,743.6,7.99,3374.63,3.64,165.45,157.56,218.9,0.0044,1.9,0.033,3.85,2.65,0.3,0.25,0.33
FD97D,M,15/02/2010,IS,Non-treated,4,S,M,3.042,23,0.142857143,0.052631579,121,0.99,NA,51.94,22662.49,26406.65,129914.57,1034.14,11.51,16.1,656.31,11556.73,2.31,178.81,335.17,3.64,0.0259,90.43,3.19,54.52,30.62,4.39,0.137,308.85,1030.87,321.39,5.81,0.014,0.639,0.0038,0.0021,2.46,985.23,5290.02,8.27,0.0125,1.49,0.0076,0.0039,1,0.32,0.51,0.32,765.4,10.16,3243.23,3.54,291.21,167.83,247.23,0.0046,1.96,0.042,3.7,2.58,0.53,0.26,0.38
FD97D,M,15/03/2010,IS,Non-treated,4,S,M,3.462,23,0,0.052631579,125,1.03,NA,55.13,27404.34,32128.28,130332.84,1017.13,8.27,14.46,746.69,14605.54,2.44,215.53,406.48,3.57,0.0185,80.92,3.61,68.68,30.44,5.68,0.139,312.17,1040.64,322.62,5.86,0.014,0.817,0.0041,0.0026,2.48,992,5320.72,8.31,0.0125,1.91,0.0079,0.0051,1,0.46,0.51,0.31,771.17,10.92,2898.32,2.61,582.85,156.49,235.88,0.0045,1.97,0.045,3.31,1.9,1.06,0.25,0.36
FD97D,M,19/04/2010,IS,Non-treated,4,S,M,3.635,23,0,0.052631579,126,1.04,NA,62.72,38331.98,26796.71,125566.82,866.29,5.52,12.02,622.53,12902.12,2.88,312.92,351.9,3.16,0.0128,69.81,3.13,62.98,30.25,9.03,0.142,317.6,1056.12,327.11,5.96,0.014,1.015,0.0049,0.0037,2.51,995.56,5327.48,8.34,0.0128,2.31,0.0086,0.0069,0,0.72,0.51,0.3,789.13,12.24,2794.55,2.58,740.81,155.01,134.41,0.0043,2.02,0.05,3.19,1.88,1.35,0.24,0.21
FD97D,M,28/05/2010,IS,Non-treated,4,S,M,3.338,23,0,0.052631579,129,1.06,NA,60.26,6192.44,22621.85,131598.15,913.07,10.74,20.35,629.73,13454.35,2.64,48.34,283.52,3.18,0.0238,112.77,3.02,62.71,30.9,12.34,0.153,333.34,1104.09,346.22,6.27,0.016,1.204,0.0058,0.0054,2.55,987.36,5261.55,8.3,0.0136,2.59,0.0094,0.0097,0,1.04,0.51,0.3,772.68,NA,2843.11,3.33,784.94,110.83,NA,0.0043,1.98,NA,3.25,2.42,1.43,0.17,NA
